Task ID,Created At,Completed At,Last Modified,Name,Section/Column,Assignee,Assignee Email,Start Date,Due Date,Tags,Notes,Projects,Parent task,Blocked By (Dependencies),Blocking (Dependencies),Estimated time,Actual time,Priority,Task Progress,Iteration_01,Iteration_02,Iteration_03,Iteration_04,iteration_05,Average,Perf_BRD,Deviation % Current Vs BRD,GREEN,YELLOW,RED,Devices,Previous Value,BRD Status,Deviation % Current vs Previous,Previous Status,Tester Remark,Logs Link,Audited By,Auditor N-points elapsed time (h:m),DA Value,Auditor Pass,iteration_06,iteration_07,iteration_08,iteration_09,iteration_10,Iteration count,Perf_BRD,Previous Value,me,Projects (imported),Parent task
,,,,P0 All Devices,Week_05 J19.2,,,,,,,J19.2 SBR  J19.3 Mainline,,,,,,,,,,,,,,,,0,0.1,0.1,,,,,,,,,,,,,,,,,,,,,,
,,,,Wake-up time from suspend - home,,,,,,,,,P0 All Devices,,,0:15,,P0,,,,,,,,,,0,0.1,0.1,Malbec,,,,,,,,,,,,,,,,,,,,,
,,,,Wake-up time from suspend - YJ(with image),,,,,,,,,P0 All Devices,,,0:15,,P0,,,,,,,,,,0,0.1,0.1,Malbec,,,,,,,,,,,,,,,,,,,,,
,,,,Wake-up time from suspend - home,,,,,,,,,P0 All Devices,,,0:15,,P0,,,,,,,,,,0,0.1,0.1,Cava,,,,,,,,,,,,,,,,,,,,,
,,,,Wake-up time from suspend - YJ(with image),,,,,,,,,P0 All Devices,,,0:15,,P0,,,,,,,,,,0,0.1,0.1,Cava,,,,,,,,,,,,,,,,,,,,,
,,,,Wake-up time from suspend - home,,,,,,,,,P0 All Devices,,,0:15,,P0,,,,,,,,,,0,0.1,0.1,Barolo,,,,,,,,,,,,,,,,,,,,,
,,,,Wake-up time from suspend - YJ(with image),,,,,,,,,P0 All Devices,,,0:15,,P0,,,,,,,,,,0,0.1,0.1,Barolo,,,,,,,,,,,,,,,,,,,,,
,,,,Wake-up time from suspend - home,,,,,,,,,P0 All Devices,,,0:15,,P0,,,,,,,,,,0,0.1,0.1,Barolo,,,,,,,,,,,,,,,,,,,,,
,,,,Wake-up time from suspend - YJ(with image),,,,,,,,,P0 All Devices,,,0:15,,P0,,,,,,,,,,0,0.1,0.1,Barolo,,,,,,,,,,,,,,,,,,,,,
,,,,Wake-up time from suspend - home,,,,,,,,,P0 All Devices,,,0:15,,P0,,,,,,,,,,0,0.1,0.1,Rossini,,,,,,,,,,,,,,,,,,,,,
,,,,Wake-up time from suspend - YJ(with image),,,,,,,,,P0 All Devices,,,0:15,,P0,,,,,,,,,,0,0.1,0.1,Rossini,,,,,,,,,,,,,,,,,,,,,
,,,,Wake-up time from suspend - home,,,,,,,,,P0 All Devices,,,0:15,,P0,,,,,,,,,,0,0.1,0.1,Sangria,,,,,,,,,,,,,,,,,,,,,
,,,,Wake-up time from suspend - YJ(with image),,,,,,,,,P0 All Devices,,,0:15,,P0,,,,,,,,,,0,0.1,0.1,Sangria,,,,,,,,,,,,,,,,,,,,,
,,,,Wake-up time from suspend - home,,,,,,,,,P0 All Devices,,,0:15,,P0,,,,,,,,,,0,0.1,0.1,Pisco,,,,,,,,,,,,,,,,,,,,,
,,,,Wake-up time from suspend - YJ(with image),,,,,,,,,P0 All Devices,,,0:15,,P0,,,,,,,,,,0,0.1,0.1,Pisco,,,,,,,,,,,,,,,,,,,,,
,,,,Wake-up time from suspend - home,,,,,,,,,P0 All Devices,,,0:15,,P0,,,,,,,,,,0,0.1,0.1,Seabreeze,,,,,,,,,,,,,,,,,,,,,
,,,,Wake-up time from suspend - YJ(with image),,,,,,,,,P0 All Devices,,,0:15,,P0,,,,,,,,,,0,0.1,0.1,Seabreeze,,,,,,,,,,,,,,,,,,,,,
,,,,[NBW] [With Image] Waking up to reader with b&w image from suspend,,,,,,,,,P0 All Devices,,,0:35,,P0,,,,,,,,,,0,0.1,0.1,Seabreeze,,,,,,,,,,,,,,,,,,,,,
,,,,[Color] Waking up to library from suspend,,,,,,,,,P0 All Devices,,,0:35,,P0,,,,,,,,,,0,0.1,0.1,Seabreeze,,,,,,,,,,,,,,,,,,,,,
,,,,Wake-up time from suspend - home,,,,,,,,,P0 All Devices,,,0:15,,P0,,,,,,,,,,0,0.1,0.1,Gibson,,,,,,,,,,,,,,,,,,,,,
,,,,Wake-up time from suspend - YJ(with image),,,,,,,,,P0 All Devices,,,0:15,,P0,,,,,,,,,,0,0.1,0.1,Gibson,,,,,,,,,,,,,,,,,,,,,
,,,,Wake-up time from suspend - home,,,,,,,,,P0 All Devices,,,0:15,,P0,,,,,,,,,,0,0.1,0.1,Paloma,,,,,,,,,,,,,,,,,,,,,
,,,,Wake-up time from suspend - YJ(with image),,,,,,,,,P0 All Devices,,,0:15,,P0,,,,,,,,,,0,0.1,0.1,Paloma,,,,,,,,,,,,,,,,,,,,,
,,,,Wake-up time from suspend - home,,,,,,,,,P0 All Devices,,,0:15,,P0,,,,,,,,,,0,0.1,0.1,Calvados,,,,,,,,,,,,,,,,,,,,,
,,,,Wake-up time from suspend - YJ(with image),,,,,,,,,P0 All Devices,,,0:15,,P0,,,,,,,,,,0,0.1,0.1,Calvados,,,,,,,,,,,,,,,,,,,,,
,,,,[NBW] [With Image] Waking up to reader with b&w image from suspend,,,,,,,,,P0 All Devices,,,0:35,,P0,,,,,,,,,,0,0.1,0.1,Calvados,,,,,,,,,,,,,,,,,,,,,
,,,,[Color] Waking up to library from suspend,,,,,,,,,P0 All Devices,,,0:35,,P0,,,,,,,,,,0,0.1,0.1,Calvados,,,,,,,,,,,,,,,,,,,,,
,,,,P0 Gen AI Pisco,Week_05 J19.2,,,,,,,J19.2 SBR  J19.3 Mainline,,,,,,,,,,,,,,,,0,0.1,0.1,,,,,,,,,,,,,,,,,,,,,,
,,,,Customer converts a notebook with 15 Pages - Preview - 70 Words - Summarize - Existing,,,,,,,,,P0 Gen AI Pisco,,,0:20,,GEN Ai,,,,,,,,,,0,0.1,0.1,Pisco,,,,,,,,,,,,,,,,,,,,,
,,,,"Customer adds a converted 15page summarized notebook """"Add as last page"" - 70 Words - Summarize Existing",,,,,,,,,P0 Gen AI Pisco,,,0:20,,GEN Ai,,,,,,,,,,0,0.1,0.1,Pisco,,,,,,,,,,,,,,,,,,,,,
,,,,"1 page existing notebook, 1 selected page - Preview -70 Words -Summarize Existing",,,,,,,,,P0 Gen AI Pisco,,,0:20,,GEN Ai,,,,,,,,,,0,0.1,0.1,Pisco,,,,,,,,,,,,,,,,,,,,,
,,,,"50 pages existing notebook, 1 selected - Preview - 70 Words -Summarize Existing",,,,,,,,,P0 Gen AI Pisco,,,0:20,,GEN Ai,,,,,,,,,,0,0.1,0.1,Pisco,,,,,,,,,,,,,,,,,,,,,
,,,,Customer converts a notebook with 5 Pages - Preview - 70 Words- Summarize New,,,,,,,,,P0 Gen AI Pisco,,,0:35,,GEN Ai,,,,,,,,,,0,0.1,0.1,Pisco,,,,,,,,,,,,,,,,,,,,,
,,,,"20 pages new notebook, 10 selected- Preview - 70 Words - Summarize New",,,,,,,,,P0 Gen AI Pisco,,,0:55,,GEN Ai,,,,,,,,,,0,0.1,0.1,Pisco,,,,,,,,,,,,,,,,,,,,,
,,,,Customer converts a notebook with 10 Pages - Preview -70 Words - Refine - Existing,,,,,,,,,P0 Gen AI Pisco,,,0:20,,GEN Ai,,,,,,,,,,0,0.1,0.1,Pisco,,,,,,,,,,,,,,,,,,,,,
,,,,"Customer converts a notebook with 10 Pages - Refine notebook ""Mark as Last page""-70 Words - Refine - Existing",,,,,,,,,P0 Gen AI Pisco,,,0:20,,GEN Ai,,,,,,,,,,0,0.1,0.1,Pisco,,,,,,,,,,,,,,,,,,,,,
,,,,"1 page existing notebook, 1 selected page - Preview- 70 Words - Refine - Existing",,,,,,,,,P0 Gen AI Pisco,,,0:20,,GEN Ai,,,,,,,,,,0,0.1,0.1,Pisco,,,,,,,,,,,,,,,,,,,,,
,,,,"50 pages existing notebook, 1 selected - Preview - 70 Words - Refine - Existing",,,,,,,,,P0 Gen AI Pisco,,,0:20,,GEN Ai,,,,,,,,,,0,0.1,0.1,Pisco,,,,,,,,,,,,,,,,,,,,,
,,,,Customer converts a notebook with 5 Page - Preview - 70 Words - Refine - New,,,,,,,,,P0 Gen AI Pisco,,,0:35,,GEN Ai,,,,,,,,,,0,0.1,0.1,Pisco,,,,,,,,,,,,,,,,,,,,,
,,,,"20 pages new notebook, 10 selected- Preview - 70 Words - Refine New",,,,,,,,,P0 Gen AI Pisco,,,0:55,,GEN Ai,,,,,,,,,,0,0.1,0.1,Pisco,,,,,,,,,,,,,,,,,,,,,
,,,,P0 Gen AI Paloma,Week_05 J19.2,,,,,,,J19.2 SBR  J19.3 Mainline,,,,,,,,,,,,,,,,0,0.1,0.1,,,,,,,,,,,,,,,,,,,,,,
,,,,Customer converts a notebook with 15 Pages - Preview - 70 Words - Summarize - Existing,,,,,,,,,P0 Gen AI Paloma,,,0:20,,GEN Ai,,,,,,,,,,0,0.1,0.1,Paloma,,,,,,,,,,,,,,,,,,,,,
,,,,"Customer adds a converted 15page summarized notebook """"Add as last page"" - 70 Words - Summarize Existing",,,,,,,,,P0 Gen AI Paloma,,,0:20,,GEN Ai,,,,,,,,,,0,0.1,0.1,Paloma,,,,,,,,,,,,,,,,,,,,,
,,,,"1 page existing notebook, 1 selected page - Preview -70 Words -Summarize Existing",,,,,,,,,P0 Gen AI Paloma,,,0:20,,GEN Ai,,,,,,,,,,0,0.1,0.1,Paloma,,,,,,,,,,,,,,,,,,,,,
,,,,"50 pages existing notebook, 1 selected - Preview - 70 Words -Summarize Existing",,,,,,,,,P0 Gen AI Paloma,,,0:20,,GEN Ai,,,,,,,,,,0,0.1,0.1,Paloma,,,,,,,,,,,,,,,,,,,,,
,,,,Customer converts a notebook with 5 Pages - Preview - 70 Words- Summarize New,,,,,,,,,P0 Gen AI Paloma,,,0:35,,GEN Ai,,,,,,,,,,0,0.1,0.1,Paloma,,,,,,,,,,,,,,,,,,,,,
,,,,"20 pages new notebook, 10 selected- Preview - 70 Words - Summarize New",,,,,,,,,P0 Gen AI Paloma,,,0:55,,GEN Ai,,,,,,,,,,0,0.1,0.1,Paloma,,,,,,,,,,,,,,,,,,,,,
,,,,Customer converts a notebook with 10 Pages - Preview -70 Words - Refine - Existing,,,,,,,,,P0 Gen AI Paloma,,,0:20,,GEN Ai,,,,,,,,,,0,0.1,0.1,Paloma,,,,,,,,,,,,,,,,,,,,,
,,,,"Customer converts a notebook with 10 Pages - Refine notebook ""Mark as Last page""-70 Words - Refine - Existing",,,,,,,,,P0 Gen AI Paloma,,,0:20,,GEN Ai,,,,,,,,,,0,0.1,0.1,Paloma,,,,,,,,,,,,,,,,,,,,,
,,,,"1 page existing notebook, 1 selected page - Preview- 70 Words - Refine - Existing",,,,,,,,,P0 Gen AI Paloma,,,0:20,,GEN Ai,,,,,,,,,,0,0.1,0.1,Paloma,,,,,,,,,,,,,,,,,,,,,
,,,,"50 pages existing notebook, 1 selected - Preview - 70 Words - Refine - Existing",,,,,,,,,P0 Gen AI Paloma,,,0:20,,GEN Ai,,,,,,,,,,0,0.1,0.1,Paloma,,,,,,,,,,,,,,,,,,,,,
,,,,Customer converts a notebook with 5 Page - Preview - 70 Words - Refine - New,,,,,,,,,P0 Gen AI Paloma,,,0:35,,GEN Ai,,,,,,,,,,0,0.1,0.1,Paloma,,,,,,,,,,,,,,,,,,,,,
,,,,"20 pages new notebook, 10 selected- Preview - 70 Words - Refine New",,,,,,,,,P0 Gen AI Paloma,,,0:55,,GEN Ai,,,,,,,,,,0,0.1,0.1,Paloma,,,,,,,,,,,,,,,,,,,,,
,,,,P1 Sangria,Week_05 J19.2,,,,,,,J19.2 SBR  J19.3 Mainline,,,,,,,,,,,,,,,,0,0.1,0.1,,,,,,,,,,,,,,,,,,,,,,
,,,,Time to Launch store from Home (Re-Open)- Wi-Fi,,,,,,,,,P1 Sangria,,,0:10,,P1,,,,,,,,,,0,0.1,0.1,Sangria,,,,,,,,,,,,,,,,,,,,,
,,,,"Time taken in Store – Category of books, next page turn (Cached)",,,,,,,,,P1 Sangria,,,0:10,,P1,,,,,,,,,,0,0.1,0.1,Sangria,,,,,,,,,,,,,,,,,,,,,
,,,,"Time taken in Store – Category of books, prev page turn (Cached)",,,,,,,,,P1 Sangria,,,0:10,,P1,,,,,,,,,,0,0.1,0.1,Sangria,,,,,,,,,,,,,,,,,,,,,
,,,,Time taken to Open the book from the sidekick card,,,,,,,,,P1 Sangria,,,0:10,,P1,,,,,,,,,,0,0.1,0.1,Sangria,,,,,,,,,,,,,,,,,,,,,
,,,,Time taken to launch Home page on clicking Start reading from the Profile picker page. (With cover image loaded),,,,,,,,,P1 Sangria,,,0:10,,P1,,,,,,,,,,0,0.1,0.1,Sangria,,,,,,,,,,,,,,,,,,,,,
,,,,Time to launch browser from home (after reboot),,,,,,,,,P1 Sangria,,,0:30,,P1,,,,,,,,,,0,0.1,0.1,Sangria,,,,,,,,,,,,,,,,,,,,,
,,,,Time to close Browser and return to Home Screen,,,,,,,,,P1 Sangria,,,0:15,,P1,,,,,,,,,,0,0.1,0.1,Sangria,,,,,,,,,,,,,,,,,,,,,
,,,,Time taken to open Browser Settings,,,,,,,,,P1 Sangria,,,0:10,,P1,,,,,,,,,,0,0.1,0.1,Sangria,,,,,,,,,,,,,,,,,,,,,
,,,,Time to switch from eBook to Browser,,,,,,,,,P1 Sangria,,,0:15,,P1,,,,,,,,,,0,0.1,0.1,Sangria,,,,,,,,,,,,,,,,,,,,,
,,,,Time to switch from settings to browser,,,,,,,,,P1 Sangria,,,0:15,,P1,,,,,,,,,,0,0.1,0.1,Sangria,,,,,,,,,,,,,,,,,,,,,
,,,,Time to load browser(amazon.com) from home.,,,,,,,,,P1 Sangria,,,0:15,,P1,,,,,,,,,,0,0.1,0.1,Sangria,,,,,,,,,,,,,,,,,,,,,
,,,,YJ Reader – Next page turn with double tap,,,,,,,,,P1 Sangria,,,0:25,,P1,,,,,,,,,,0,0.1,0.1,Sangria,,,,,,,,,,,,,,,,,,,,,
,,,,YJ children’s book (Landscape view) – Next page turn with double tap,,,,,,,,,P1 Sangria,,,0:25,,P1,,,,,,,,,,0,0.1,0.1,Sangria,,,,,,,,,,,,,,,,,,,,,
,,,,Home – Next page turn with double tap,,,,,,,,,P1 Sangria,,,0:10,,P1,,,,,,,,,,0,0.1,0.1,Sangria,,,,,,,,,,,,,,,,,,,,,
,,,,Library – Next page turn with double tap,,,,,,,,,P1 Sangria,,,0:35,,P1,,,,,,,,,,0,0.1,0.1,Sangria,,,,,,,,,,,,,,,,,,,,,
,,,,Settings -> Wi-Fi -Scroll down with double tap,,,,,,,,,P1 Sangria,,,0:35,,P1,,,,,,,,,,0,0.1,0.1,Sangria,,,,,,,,,,,,,,,,,,,,,
,,,,Time taken to open Browser Settings,,,,,,,,,P1 Sangria,,,0:15,,P1,,,,,,,,,,0,0.1,0.1,Sangria,,,,,,,,,,,,,,,,,,,,,
,,,,Time to switch from settings to browser,,,,,,,,,P1 Sangria,,,0:10,,P1,,,,,,,,,,0,0.1,0.1,Sangria,,,,,,,,,,,,,,,,,,,,,
,,,,Settings -> Wi-Fi -Scroll down with double tap,,,,,,,,,P1 Sangria,,,0:35,,P1,,,,,,,,,,0,0.1,0.1,Sangria,,,,,,,,,,,,,,,,,,,,,
,,,,Quick action page.,,,,,,,,,P1 Sangria,,,0:20,,P1,,,,,,,,,,0,0.1,0.1,Sangria,,,,,,,,,,,,,,,,,,,,,
,,,,Time taken to open Browser Settings,,,,,,,,,P1 Sangria,,,0:10,,P1,,,,,,,,,,0,0.1,0.1,Sangria,,,,,,,,,,,,,,,,,,,,,
,,,,Time to switch from settings to browser,,,,,,,,,P1 Sangria,,,0:15,,P1,,,,,,,,,,0,0.1,0.1,Sangria,,,,,,,,,,,,,,,,,,,,,
,,,,Settings -> Wi-Fi -Scroll down with double tap,,,,,,,,,P1 Sangria,,,0:35,,P1,,,,,,,,,,0,0.1,0.1,Sangria,,,,,,,,,,,,,,,,,,,,,
,,,,Quick action page.,,,,,,,,,P1 Sangria,,,0:10,,P1,,,,,,,,,,0,0.1,0.1,Sangria,,,,,,,,,,,,,,,,,,,,,
,,,,P2 Paloma,Week_05 J19.2,,,,,,,J19.2 SBR  J19.3 Mainline,,,,,,,,,,,,,,,,0,0.1,0.1,,,,,,,,,,,,,,,,,,,,,,
,,,,Open the cover with Hall sensor - Wakeup time - T2 - YJ (with out DTCP),,,,,,,,,P2 Paloma,,,0:20,,P2,,,,,,,,,,0,0.1,0.1,Paloma,,,,,,,,,,,,,,,,,,,,,
,,,,Time to launch GRoK and land on updates page (warm),,,,,,,,,P2 Paloma,,,0:20,,P3,,,,,,,,,,0,0.1,0.1,Paloma,,,,,,,,,,,,,,,,,,,,,
,,,,BT Connect dialogue pop up- Precondition to turn on BT,,,,,,,,,P2 Paloma,,,0:10,,P4,,,,,,,,,,0,0.1,0.1,Paloma,,,,,,,,,,,,,,,,,,,,,
,,,,Time for scanned BT devices to appear in BT Connect dialogue,,,,,,,,,P2 Paloma,,,0:10,,P5,,,,,,,,,,0,0.1,0.1,Paloma,,,,,,,,,,,,,,,,,,,,,
,,,,Time to connect to BT device for the first time- before scan cycle completes,,,,,,,,,P2 Paloma,,,0:10,,P6,,,,,,,,,,0,0.1,0.1,Paloma,,,,,,,,,,,,,,,,,,,,,
,,,,Re-connect after suspend,,,,,,,,,P2 Paloma,,,0:30,,P7,,,,,,,,,,0,0.1,0.1,Paloma,,,,,,,,,,,,,,,,,,,,,
,,,,Quick Actions: Turning ON BT,,,,,,,,,P2 Paloma,,,0:10,,P8,,,,,,,,,,0,0.1,0.1,Paloma,,,,,,,,,,,,,,,,,,,,,
,,,,Quick Actions: Turning OFF BT,,,,,,,,,P2 Paloma,,,0:15,,P9,,,,,,,,,,0,0.1,0.1,Paloma,,,,,,,,,,,,,,,,,,,,,
,,,,Re-connect to a previously paired BT device,,,,,,,,,P2 Paloma,,,0:15,,P10,,,,,,,,,,0,0.1,0.1,Paloma,,,,,,,,,,,,,,,,,,,,,
,,,,Re-connect after turning BT off from Quick Actions,,,,,,,,,P2 Paloma,,,0:15,,P11,,,,,,,,,,0,0.1,0.1,Paloma,,,,,,,,,,,,,,,,,,,,,
,,,,Wake-up time from suspend to Active DTCP page,,,,,,,,,P2 Paloma,,,0:20,,P12,,,,,,,,,,0,0.1,0.1,Paloma,,,,,,,,,,,,,,,,,,,,,
,,,,Time to Launch store for first time,,,,,,,,,P2 Paloma,,,0:20,,P13,,,,,,,,,,0,0.1,0.1,Paloma,,,,,,,,,,,,,,,,,,,,,
,,,,"Time taken to launch Tutorial page when ""start reading"" is clicked in Profile Picker Page",,,,,,,,,P2 Paloma,,,0:10,,P14,,,,,,,,,,0,0.1,0.1,Paloma,,,,,,,,,,,,,,,,,,,,,
,,,,"Time taken to load the ""start reading "" page after clicking done in tutorial page",,,,,,,,,P2 Paloma,,,0:10,,P15,,,,,,,,,,0,0.1,0.1,Paloma,,,,,,,,,,,,,,,,,,,,,
,,,,Time taken to load Home screen with cards when start reading is clicked in welcome note in Home page (With cover image loaded),,,,,,,,,P2 Paloma,,,0:10,,P16,,,,,,,,,,0,0.1,0.1,Paloma,,,,,,,,,,,,,,,,,,,,,
,,,,Time taken to load home page from different page i.e. from recent,,,,,,,,,P2 Paloma,,,0:10,,P17,,,,,,,,,,0,0.1,0.1,Paloma,,,,,,,,,,,,,,,,,,,,,
,,,,Time to switch from browser to ebook,,,,,,,,,P2 Paloma,,,0:10,,P18,,,,,,,,,,0,0.1,0.1,Paloma,,,,,,,,,,,,,,,,,,,,,
,,,,Time taken to copy 100 pdfs to device from PC,,,,,,,,,P2 Paloma,,,0:30,,P19,,,,,,,,,,0,0.1,0.1,Paloma,,,,,,,,,,,,,,,,,,,,,
,,,,Time taken to copy 100 pdfs to device from Linux,,,,,,,,,P2 Paloma,,,0:30,,P20,,,,,,,,,,0,0.1,0.1,Paloma,,,,,,,,,,,,,,,,,,,,,
,,,,Time taken to copy 100 pdfs to device from MAC,,,,,,,,,P2 Paloma,,,0:30,,P21,,,,,,,,,,0,0.1,0.1,Paloma,,,,,,,,,,,,,,,,,,,,,
,,,,Thumbnail load time - initial BEV open - only pen strokes fully loaded,,,,,,,,,P2 Paloma,,,0:10,,P22,,,,,,,,,,0,0.1,0.1,Paloma,,,,,,,,,,,,,,,,,,,,,
,,,,BEV close time - back button - pen and highlighter strokes,,,,,,,,,P2 Paloma,,,0:10,,P23,,,,,,,,,,0,0.1,0.1,Paloma,,,,,,,,,,,,,,,,,,,,,
,,,,Customer converts a notebook with 1 Page - Preview - 160 Words - Summarize - Existing,,,,,,,,,P2 Paloma,,,0:20,,P24,,,,,,,,,,0,0.1,0.1,Paloma,,,,,,,,,,,,,,,,,,,,,
,,,,Customer converts a notebook with 5 Pages - Preview - 160 Words - Summarize - Existing,,,,,,,,,P2 Paloma,,,0:20,,P25,,,,,,,,,,0,0.1,0.1,Paloma,,,,,,,,,,,,,,,,,,,,,
,,,,Customer converts a notebook with 15 Pages - Preview- 160 Words - Summarize - Existing,,,,,,,,,P2 Paloma,,,0:20,,P26,,,,,,,,,,0,0.1,0.1,Paloma,,,,,,,,,,,,,,,,,,,,,
,,,,"50 pages existing notebook, 15 selected - Preview- 160 Words - Summarize - Existing",,,,,,,,,P2 Paloma,,,0:20,,P27,,,,,,,,,,0,0.1,0.1,Paloma,,,,,,,,,,,,,,,,,,,,,
,,,,"50 pages existing notebook, 1 selected - Preview- 160 Words - Summarize - Existing",,,,,,,,,P2 Paloma,,,0:20,,P28,,,,,,,,,,0,0.1,0.1,Paloma,,,,,,,,,,,,,,,,,,,,,
,,,,Customer converts a notebook with 1 Page - Preview -160 Words - Refine - Existing,,,,,,,,,P2 Paloma,,,0:20,,P29,,,,,,,,,,0,0.1,0.1,Paloma,,,,,,,,,,,,,,,,,,,,,
,,,,Customer converts a notebook with 5 Pages - Preview - 160 Words - Refine - Existing,,,,,,,,,P2 Paloma,,,0:20,,P30,,,,,,,,,,0,0.1,0.1,Paloma,,,,,,,,,,,,,,,,,,,,,
,,,,Customer converts a notebook with 10 Pages - Preview-160 Words - Refine - Existing,,,,,,,,,P2 Paloma,,,0:20,,P31,,,,,,,,,,0,0.1,0.1,Paloma,,,,,,,,,,,,,,,,,,,,,
,,,,"50 pages existing notebook, 10 selected - Preview-160 Words - Refine - Existing",,,,,,,,,P2 Paloma,,,0:20,,P32,,,,,,,,,,0,0.1,0.1,Paloma,,,,,,,,,,,,,,,,,,,,,
,,,,"50 pages existing notebook, 1 selected - Preview -160 Words - Refine - Existing",,,,,,,,,P2 Paloma,,,0:20,,P33,,,,,,,,,,0,0.1,0.1,Paloma,,,,,,,,,,,,,,,,,,,,,
,,,,Go to a page 8 with summarized text of 15 pages and 160 words,,,,,,,,,P2 Paloma,,,0:10,,P34,,,,,,,,,,0,0.1,0.1,Paloma,,,,,,,,,,,,,,,,,,,,,
,,,,Delete a notebook with summarized text of 15 pages and 160 words,,,,,,,,,P2 Paloma,,,1:40,,P35,,,,,,,,,,0,0.1,0.1,Paloma,,,,,,,,,,,,,,,,,,,,,
,,,,BEV next page turn with summarized text of 50 pages with 160 words in each page,,,,,,,,,P2 Paloma,,,0:10,,P36,,,,,,,,,,0,0.1,0.1,Paloma,,,,,,,,,,,,,,,,,,,,,
,,,,BEV prev page turn with summarized text of 50 pages with 160 words in each page,,,,,,,,,P2 Paloma,,,0:10,,P37,,,,,,,,,,0,0.1,0.1,Paloma,,,,,,,,,,,,,,,,,,,,,
,,,,Add new page in BEV with summarized text of 50 pages with 160 words in each page,,,,,,,,,P2 Paloma,,,0:10,,P38,,,,,,,,,,0,0.1,0.1,Paloma,,,,,,,,,,,,,,,,,,,,,
,,,,Delete new page in BEV with summarized text of 50 pages with 160 words in each page,,,,,,,,,P2 Paloma,,,0:10,,P39,,,,,,,,,,0,0.1,0.1,Paloma,,,,,,,,,,,,,,,,,,,,,
,,,,Move a new page in BEV in with summarized text of 50 pages with 160 words in each page,,,,,,,,,P2 Paloma,,,0:10,,P40,,,,,,,,,,0,0.1,0.1,Paloma,,,,,,,,,,,,,,,,,,,,,
,,,,Change template in BEV with summarized text of 50 pages with 160 words in each page - selected page,,,,,,,,,P2 Paloma,,,0:10,,P41,,,,,,,,,,0,0.1,0.1,Paloma,,,,,,,,,,,,,,,,,,,,,
,,,,Share entire notebook with summarized text of 50 pages with 160 words in each page - Send S3 Bucket,,,,,,,,,P2 Paloma,,,0:10,,P42,,,,,,,,,,0,0.1,0.1,Paloma,,,,,,,,,,,,,,,,,,,,,
,,,,Share entire notebook after Refined text of 50 pages with 160 words in each page - Send S3 Bucket,,,,,,,,,P2 Paloma,,,0:10,,P43,,,,,,,,,,0,0.1,0.1,Paloma,,,,,,,,,,,,,,,,,,,,,
,,,,Measure the font settlement in preview for the font family switch from Cadia to Florio,,,,,,,,,P2 Paloma,,,0:10,,P44,,,,,,,,,,0,0.1,0.1,Paloma,,,,,,,,,,,,,,,,,,,,,
,,,,Measure the font settlement in preview for the font family switch from florio to notewright,,,,,,,,,P2 Paloma,,,0:10,,P45,,,,,,,,,,0,0.1,0.1,Paloma,,,,,,,,,,,,,,,,,,,,,
,,,,Measure the font settlement in preview switch font size from 3 to 6,,,,,,,,,P2 Paloma,,,0:10,,P46,,,,,,,,,,0,0.1,0.1,Paloma,,,,,,,,,,,,,,,,,,,,,
,,,,Measure the font settlement in preview switch font size from 5 to 8,,,,,,,,,P2 Paloma,,,0:10,,P47,,,,,,,,,,0,0.1,0.1,Paloma,,,,,,,,,,,,,,,,,,,,,
,,,,"Measure the font settlement in preview switch from line spacing ""Medium to Narrow""",,,,,,,,,P2 Paloma,,,0:10,,P48,,,,,,,,,,0,0.1,0.1,Paloma,,,,,,,,,,,,,,,,,,,,,
,,,,Inside kids -> YJ reader -> Next page turn with double tap,,,,,,,,,P2 Paloma,,,0:35,,P49,,,,,,,,,,0,0.1,0.1,Paloma,,,,,,,,,,,,,,,,,,,,,
,,,,Inside kids -> Home ->Next page turn with double tap,,,,,,,,,P2 Paloma,,,0:35,,P50,,,,,,,,,,0,0.1,0.1,Paloma,,,,,,,,,,,,,,,,,,,,,
,,,,Inside kids -> Library -> Next page turn with double tap,,,,,,,,,P2 Paloma,,,0:35,,P51,,,,,,,,,,0,0.1,0.1,Paloma,,,,,,,,,,,,,,,,,,,,,
,,,,BT Connect dialogue pop up- Precondition to turn on BT,,,,,,,,,P2 Paloma,,,0:10,,P52,,,,,,,,,,0,0.1,0.1,Paloma,,,,,,,,,,,,,,,,,,,,,
,,,,Quick Actions: Turning ON BT,,,,,,,,,P2 Paloma,,,0:10,,P53,,,,,,,,,,0,0.1,0.1,Paloma,,,,,,,,,,,,,,,,,,,,,
,,,,Quick Actions: Turning OFF BT,,,,,,,,,P2 Paloma,,,0:15,,P54,,,,,,,,,,0,0.1,0.1,Paloma,,,,,,,,,,,,,,,,,,,,,
,,,,BT Connect dialogue pop up- Precondition to turn on BT,,,,,,,,,P2 Paloma,,,0:10,,P55,,,,,,,,,,0,0.1,0.1,Paloma,,,,,,,,,,,,,,,,,,,,,
,,,,Quick Actions: Turning ON BT,,,,,,,,,P2 Paloma,,,0:10,,P56,,,,,,,,,,0,0.1,0.1,Paloma,,,,,,,,,,,,,,,,,,,,,
,,,,Quick Actions: Turning OFF BT,,,,,,,,,P2 Paloma,,,0:15,,P57,,,,,,,,,,0,0.1,0.1,Paloma,,,,,,,,,,,,,,,,,,,,,
,,,,P3 Malbec,Week_05 J19.2,,,,,,,J19.2 SBR  J19.3 Mainline,,,,,,,,,,,,,,,,0,0.1,0.1,,,,,,,,,,,,,,,,,,,,,,
,,,,d. To Home screen ( Device Password to Home after T2),,,,,,,,,P3 Malbec,,,0:15,,P3,,,,,,,,,,0,0.1,0.1,Malbec,,,,,,,,,,,,,,,,,,,,,
,,,,Time taken to scan (Disabled),,,,,,,,,P3 Malbec,,,0:25,,P3,,,,,,,,,,0,0.1,0.1,Malbec,,,,,,,,,,,,,,,,,,,,,
,,,,Time taken to connect (WEP),,,,,,,,,P3 Malbec,,,0:25,,P3,,,,,,,,,,0,0.1,0.1,Malbec,,,,,,,,,,,,,,,,,,,,,
,,,,Time taken to Re-connect after Turn OFF/ON Wireless (WPA2-TKIP +AES),,,,,,,,,P3 Malbec,,,0:25,,P3,,,,,,,,,,0,0.1,0.1,Malbec,,,,,,,,,,,,,,,,,,,,,
,,,,60 sec download in WiFi (WPA2-AES) - 1.5 Mbps - 3 MB book,,,,,,,,,P3 Malbec,,,0:25,,P3,,,,,,,,,,0,0.1,0.1,Malbec,,,,,,,,,,,,,,,,,,,,,
,,,,ASR Gesture to confirmation audio in BT device (new paired device),,,,,,,,,P3 Malbec,,,0:20,,P3,,,,,,,,,,0,0.1,0.1,Malbec,,,,,,,,,,,,,,,,,,,,,
,,,,Confirmation gesture to Voice view activated audio in BT device,,,,,,,,,P3 Malbec,,,0:20,,P3,,,,,,,,,,0,0.1,0.1,Malbec,,,,,,,,,,,,,,,,,,,,,
,,,,(BT is OFF) ASR Gesture to connected tone in BT device (already paired device),,,,,,,,,P3 Malbec,,,0:25,,P3,,,,,,,,,,0,0.1,0.1,Malbec,,,,,,,,,,,,,,,,,,,,,
,,,,Wakeup from suspend to connected tone (already paired device),,,,,,,,,P3 Malbec,,,0:30,,P3,,,,,,,,,,0,0.1,0.1,Malbec,,,,,,,,,,,,,,,,,,,,,
,,,,Time taken to switch between Smaller size (1X) to Larger size (1.5 X) from settings page,,,,,,,,,P3 Malbec,,,0:10,,P3,,,,,,,,,,0,0.1,0.1,Malbec,,,,,,,,,,,,,,,,,,,,,
,,,,Browser -> Wikipedia Next page turn( for large content ) with double tap,,,,,,,,,P3 Malbec,,,0:35,,P3,,,,,,,,,,0,0.1,0.1,Malbec,,,,,,,,,,,,,,,,,,,,,
,,,,Search summary page -> Next page turn with double tap,,,,,,,,,P3 Malbec,,,0:35,,P3,,,,,,,,,,0,0.1,0.1,Malbec,,,,,,,,,,,,,,,,,,,,,
,,,,Validate latency to open book.,,,,,,,,,P3 Malbec,,,0:20,,P3,,,,,,,,,,0,0.1,0.1,Malbec,,,,,,,,,,,,,,,,,,,,,
,,,,Validate latency to close the book by reverse L gesture,,,,,,,,,P3 Malbec,,,0:20,,P3,,,,,,,,,,0,0.1,0.1,Malbec,,,,,,,,,,,,,,,,,,,,,
,,,,Time taken to switch between 1X size to 2X size from settings page,,,,,,,,,P3 Malbec,,,0:10,,P3,,,,,,,,,,0,0.1,0.1,Malbec,,,,,,,,,,,,,,,,,,,,,
,,,,Time taken to switch between 1.5X size to 2X size from settings page,,,,,,,,,P3 Malbec,,,0:10,,P3,,,,,,,,,,0,0.1,0.1,Malbec,,,,,,,,,,,,,,,,,,,,,
,,,,OOBE Gibson Standard,Week_05 J19.2,,,,,,,J19.2 SBR  J19.3 Mainline,,,,,,,,,,,,,,,,0,0.1,0.1,,,,,,,,,,,,,,,,,,,,,,
,,,,Decanter OOBE - Time taken to load Kindle brand screen when power button is pressed.,,,,,,,,,OOBE Gibson Standard,,,0:30,,OOBE,,,,,,,,,,0,0.1,0.1,Gibson,,,,,,,,,,,,,,,,,,,,,
,,,,Decanter OOBE - Time taken to load language picker screen from kindle brand screen,,,,,,,,,OOBE Gibson Standard,,,0:30,,OOBE,,,,,,,,,,0,0.1,0.1,Gibson,,,,,,,,,,,,,,,,,,,,,
,,,,Decanter OOBE - Time taken to load Region picker screen from Language picker screen,,,,,,,,,OOBE Gibson Standard,,,0:30,,OOBE,,,,,,,,,,0,0.1,0.1,Gibson,,,,,,,,,,,,,,,,,,,,,
,,,,Decanter OOBE - Time taken to load SW loading screen from region picker page (When 'Next' button is clicked on region picker page),,,,,,,,,OOBE Gibson Standard,,,0:30,,OOBE,,,,,,,,,,0,0.1,0.1,Gibson,,,,,,,,,,,,,,,,,,,,,
,,,,Decanter OOBE - Time taken to complete SW load.,,,,,,,,,OOBE Gibson Standard,,,0:30,,OOBE,,,,,,,,,,0,0.1,0.1,Gibson,,,,,,,,,,,,,,,,,,,,,
,,,,Decanter OOBE - Time taken to load FFS welcome page.,,,,,,,,,OOBE Gibson Standard,,,1:00,,OOBE,,,,,,,,,,0,0.1,0.1,Gibson,,,,,,,,,,,,,,,,,,,,,
,,,,Decanter OOBE - Time taken to load 'Hello screen' from s/w load screen.,,,,,,,,,OOBE Gibson Standard,,,0:30,,OOBE,,,,,,,,,,0,0.1,0.1,Gibson,,,,,,,,,,,,,,,,,,,,,
,,,,Decanter OOBE - Time taken to load 'WiFi screen' from s/w load screen.,,,,,,,,,OOBE Gibson Standard,,,0:30,,OOBE,,,,,,,,,,0,0.1,0.1,Gibson,,,,,,,,,,,,,,,,,,,,,
,,,,Decanter OOBE - Time taken to load WiFi set-up screen when 'Set Up without App' button is selected in Hello screen,,,,,,,,,OOBE Gibson Standard,,,0:30,,OOBE,,,,,,,,,,0,0.1,0.1,Gibson,,,,,,,,,,,,,,,,,,,,,
,,,,Decanter OOBE - Time taken to load 'Registration' screen when 'Next' button is clicked in WiFi set-up screen.,,,,,,,,,OOBE Gibson Standard,,,0:30,,OOBE,,,,,,,,,,0,0.1,0.1,Gibson,,,,,,,,,,,,,,,,,,,,,
,,,,Decanter OOBE - Time taken to load 'Welcome' screen from Registration screen.,,,,,,,,,OOBE Gibson Standard,,,0:30,,OOBE,,,,,,,,,,0,0.1,0.1,Gibson,,,,,,,,,,,,,,,,,,,,,
,,,,Decanter OOBE - Time taken to load 'Goodreads sign-in / Sign-up' page from 'Get the Kindle App' screen,,,,,,,,,OOBE Gibson Standard,,,0:30,,OOBE,,,,,,,,,,0,0.1,0.1,Gibson,,,,,,,,,,,,,,,,,,,,,
,,,,Decanter OOBE - Time taken to load Prime 'Upsell' page from  'Get the Kindle App' screen,,,,,,,,,OOBE Gibson Standard,,,0:50,,OOBE,,,,,,,,,,0,0.1,0.1,Gibson,,,,,,,,,,,,,,,,,,,,,
,,,,Decanter OOBE - Time taken to load KU 'Upsell' page from  'Get the Kindle App' screen,,,,,,,,,OOBE Gibson Standard,,,0:50,,OOBE,,,,,,,,,,0,0.1,0.1,Gibson,,,,,,,,,,,,,,,,,,,,,
,,,,Decanter OOBE - Time taken to load Audible 'Upsell' page from  'Get the Kindle App' screen.,,,,,,,,,OOBE Gibson Standard,,,0:50,,OOBE,,,,,,,,,,0,0.1,0.1,Gibson,,,,,,,,,,,,,,,,,,,,,
,,,,Decanter OOBE - Time taken to load 'Get the Kindle App' page.,,,,,,,,,OOBE Gibson Standard,,,0:00,,OOBE,,,,,,,,,,0,0.1,0.1,Gibson,,,,,,,,,,,,,,,,,,,,,
,,,,Decanter OOBE - Time taken to show numbers keyboard modal when phone number field is clicked.,,,,,,,,,OOBE Gibson Standard,,,0:00,,OOBE,,,,,,,,,,0,0.1,0.1,Gibson,,,,,,,,,,,,,,,,,,,,,
,,,,Decanter OOBE - Time taken to load kindle app 'Connected' page after Kindle App is paired with device,,,,,,,,,OOBE Gibson Standard,,,0:50,,OOBE,,,,,,,,,,0,0.1,0.1,Gibson,,,,,,,,,,,,,,,,,,,,,
,,,,Decanter OOBE - Time taken to load 'Email-less Sign in Registration' screen when 'Next' button is clicked in WiFi screen.,,,,,,,,,OOBE Gibson Standard,,,0:50,,OOBE,,,,,,,,,,0,0.1,0.1,Gibson,,,,,,,,,,,,,,,,,,,,,
,,,,Decanter OOBE - Time taken to load 'Create New Account' confirmation dialog  from goodreads page.,,,,,,,,,OOBE Gibson Standard,,,0:30,,OOBE,,,,,,,,,,0,0.1,0.1,Gibson,,,,,,,,,,,,,,,,,,,,,
,,,,Decanter OOBE - Time taken to load 'Sign In to GoodReads' page  from goodreads page.,,,,,,,,,OOBE Gibson Standard,,,0:30,,OOBE,,,,,,,,,,0,0.1,0.1,Gibson,,,,,,,,,,,,,,,,,,,,,
,,,,Decanter OOBE - Time taken to load next page when 'Start your 30 day Prime FREE Trial' button is clicked on Prime 'Upsell' page.,,,,,,,,,OOBE Gibson Standard,,,1:00,,OOBE,,,,,,,,,,0,0.1,0.1,Gibson,,,,,,,,,,,,,,,,,,,,,
,,,,Decanter OOBE - Time taken to load next page when 'Join Kindle Unlimited' button is clicked on KU 'Upsell' page.,,,,,,,,,OOBE Gibson Standard,,,1:00,,OOBE,,,,,,,,,,0,0.1,0.1,Gibson,,,,,,,,,,,,,,,,,,,,,
,,,,Decanter OOBE - Time taken to load Audible upsell page from KU Upsell page,,,,,,,,,OOBE Gibson Standard,,,0:50,,OOBE,,,,,,,,,,0,0.1,0.1,Gibson,,,,,,,,,,,,,,,,,,,,,
,,,,Decanter OOBE - Time taken to load Prime upsell page from Audible 'Upsell' page,,,,,,,,,OOBE Gibson Standard,,,0:50,,OOBE,,,,,,,,,,0,0.1,0.1,Gibson,,,,,,,,,,,,,,,,,,,,,
,,,,Decanter OOBE - Time taken to load 'Two Step Verification' page from registration page,,,,,,,,,OOBE Gibson Standard,,,0:40,,OOBE,,,,,,,,,,0,0.1,0.1,Gibson,,,,,,,,,,,,,,,,,,,,,
,,,,Decanter OOBE - Time taken to load 'Send verification code' page from 'Two Step Verification' page,,,,,,,,,OOBE Gibson Standard,,,0:40,,OOBE,,,,,,,,,,0,0.1,0.1,Gibson,,,,,,,,,,,,,,,,,,,,,
,,,,Decanter OOBE - Time taken to load 'Verify Account' page from registration page.,,,,,,,,,OOBE Gibson Standard,,,0:40,,OOBE,,,,,,,,,,0,0.1,0.1,Gibson,,,,,,,,,,,,,,,,,,,,,
,,,,Decanter OOBE - Time taken to display code when 'Create code' is clicked.,,,,,,,,,OOBE Gibson Standard,,,0:40,,OOBE,,,,,,,,,,0,0.1,0.1,Gibson,,,,,,,,,,,,,,,,,,,,,
,,,,Decanter OOBE - Time taken to load 'Create a New Account: Country selector' screen.,,,,,,,,,OOBE Gibson Standard,,,0:30,,OOBE,,,,,,,,,,0,0.1,0.1,Gibson,,,,,,,,,,,,,,,,,,,,,
,,,,"Decanter OOBE - Time taken to load 'Create an Amazon account"" page.",,,,,,,,,OOBE Gibson Standard,,,0:30,,OOBE,,,,,,,,,,0,0.1,0.1,Gibson,,,,,,,,,,,,,,,,,,,,,
,,,,Decanter OOBE - Time taken to launch keyboard in 'Create an Amazon account' page.,,,,,,,,,OOBE Gibson Standard,,,0:30,,OOBE,,,,,,,,,,0,0.1,0.1,Gibson,,,,,,,,,,,,,,,,,,,,,
,,,,Decanter OOBE - Time taken to load 'Add a payment method' page.,,,,,,,,,OOBE Gibson Standard,,,0:30,,OOBE,,,,,,,,,,0,0.1,0.1,Gibson,,,,,,,,,,,,,,,,,,,,,
,,,,Decanter OOBE - Time taken to launch keyboard in 'Add a payment method' page.,,,,,,,,,OOBE Gibson Standard,,,0:30,,OOBE,,,,,,,,,,0,0.1,0.1,Gibson,,,,,,,,,,,,,,,,,,,,,
,,,,Decanter OOBE - Time taken to load 'Billing address' page.,,,,,,,,,OOBE Gibson Standard,,,0:30,,OOBE,,,,,,,,,,0,0.1,0.1,Gibson,,,,,,,,,,,,,,,,,,,,,
,,,,Decanter OOBE - Time taken to launch keyboard in 'Billing address' page.,,,,,,,,,OOBE Gibson Standard,,,0:30,,OOBE,,,,,,,,,,0,0.1,0.1,Gibson,,,,,,,,,,,,,,,,,,,,,
,,,,OOBE Gibson 1X Mode,Week_05 J19.2,,,,,,,J19.2 SBR  J19.3 Mainline,,,,,,,,,,,,,,,,0,0.1,0.1,,,,,,,,,,,,,,,,,,,,,,
,,,,Decanter OOBE - Time taken to load Kindle brand screen when power button is pressed.,,,,,,,,,OOBE Gibson 1X Mode,,,0:30,,OOBE 1X,,,,,,,,,,0,0.1,0.1,Gibson,,,,,,,,,,,,,,,,,,,,,
,,,,Decanter OOBE - Time taken to load language picker screen from kindle brand screen,,,,,,,,,OOBE Gibson 1X Mode,,,0:30,,OOBE 1X,,,,,,,,,,0,0.1,0.1,Gibson,,,,,,,,,,,,,,,,,,,,,
,,,,Decanter OOBE - Time taken to load Region picker screen from Language picker screen,,,,,,,,,OOBE Gibson 1X Mode,,,0:30,,OOBE 1X,,,,,,,,,,0,0.1,0.1,Gibson,,,,,,,,,,,,,,,,,,,,,
,,,,Decanter OOBE - Time taken to load SW loading screen from region picker page (When 'Next' button is clicked on region picker page),,,,,,,,,OOBE Gibson 1X Mode,,,0:30,,OOBE 1X,,,,,,,,,,0,0.1,0.1,Gibson,,,,,,,,,,,,,,,,,,,,,
,,,,Decanter OOBE - Time taken to complete SW load.,,,,,,,,,OOBE Gibson 1X Mode,,,0:30,,OOBE 1X,,,,,,,,,,0,0.1,0.1,Gibson,,,,,,,,,,,,,,,,,,,,,
,,,,Decanter OOBE - Time taken to load FFS welcome page.,,,,,,,,,OOBE Gibson 1X Mode,,,1:00,,OOBE 1X,,,,,,,,,,0,0.1,0.1,Gibson,,,,,,,,,,,,,,,,,,,,,
,,,,Decanter OOBE - Time taken to load 'Hello screen' from s/w load screen.,,,,,,,,,OOBE Gibson 1X Mode,,,0:30,,OOBE 1X,,,,,,,,,,0,0.1,0.1,Gibson,,,,,,,,,,,,,,,,,,,,,
,,,,Decanter OOBE - Time taken to load 'WiFi screen' from s/w load screen.,,,,,,,,,OOBE Gibson 1X Mode,,,0:30,,OOBE 1X,,,,,,,,,,0,0.1,0.1,Gibson,,,,,,,,,,,,,,,,,,,,,
,,,,Decanter OOBE - Time taken to load WiFi set-up screen when 'Set Up without App' button is selected in Hello screen,,,,,,,,,OOBE Gibson 1X Mode,,,0:30,,OOBE 1X,,,,,,,,,,0,0.1,0.1,Gibson,,,,,,,,,,,,,,,,,,,,,
,,,,Decanter OOBE - Time taken to load 'Registration' screen when 'Next' button is clicked in WiFi set-up screen.,,,,,,,,,OOBE Gibson 1X Mode,,,0:30,,OOBE 1X,,,,,,,,,,0,0.1,0.1,Gibson,,,,,,,,,,,,,,,,,,,,,
,,,,Decanter OOBE - Time taken to load 'Welcome' screen from Registration screen.,,,,,,,,,OOBE Gibson 1X Mode,,,0:30,,OOBE 1X,,,,,,,,,,0,0.1,0.1,Gibson,,,,,,,,,,,,,,,,,,,,,
,,,,Decanter OOBE - Time taken to load 'Goodreads sign-in / Sign-up' page from 'Get the Kindle App' screen,,,,,,,,,OOBE Gibson 1X Mode,,,0:30,,OOBE 1X,,,,,,,,,,0,0.1,0.1,Gibson,,,,,,,,,,,,,,,,,,,,,
,,,,Decanter OOBE - Time taken to load Prime 'Upsell' page from  'Get the Kindle App' screen,,,,,,,,,OOBE Gibson 1X Mode,,,0:50,,OOBE 1X,,,,,,,,,,0,0.1,0.1,Gibson,,,,,,,,,,,,,,,,,,,,,
,,,,Decanter OOBE - Time taken to load KU 'Upsell' page from  'Get the Kindle App' screen,,,,,,,,,OOBE Gibson 1X Mode,,,0:50,,OOBE 1X,,,,,,,,,,0,0.1,0.1,Gibson,,,,,,,,,,,,,,,,,,,,,
,,,,Decanter OOBE - Time taken to load Audible 'Upsell' page from  'Get the Kindle App' screen.,,,,,,,,,OOBE Gibson 1X Mode,,,0:50,,OOBE 1X,,,,,,,,,,0,0.1,0.1,Gibson,,,,,,,,,,,,,,,,,,,,,
,,,,Decanter OOBE - Time taken to load 'Get the Kindle App' page.,,,,,,,,,OOBE Gibson 1X Mode,,,0:00,,OOBE 1X,,,,,,,,,,0,0.1,0.1,Gibson,,,,,,,,,,,,,,,,,,,,,
,,,,Decanter OOBE - Time taken to show numbers keyboard modal when phone number field is clicked.,,,,,,,,,OOBE Gibson 1X Mode,,,0:00,,OOBE 1X,,,,,,,,,,0,0.1,0.1,Gibson,,,,,,,,,,,,,,,,,,,,,
,,,,Decanter OOBE - Time taken to load kindle app 'Connected' page after Kindle App is paired with device,,,,,,,,,OOBE Gibson 1X Mode,,,0:50,,OOBE 1X,,,,,,,,,,0,0.1,0.1,Gibson,,,,,,,,,,,,,,,,,,,,,
,,,,Decanter OOBE - Time taken to load 'Email-less Sign in Registration' screen when 'Next' button is clicked in WiFi screen.,,,,,,,,,OOBE Gibson 1X Mode,,,0:50,,OOBE 1X,,,,,,,,,,0,0.1,0.1,Gibson,,,,,,,,,,,,,,,,,,,,,
,,,,Decanter OOBE - Time taken to load 'Create New Account' confirmation dialog  from goodreads page.,,,,,,,,,OOBE Gibson 1X Mode,,,0:30,,OOBE 1X,,,,,,,,,,0,0.1,0.1,Gibson,,,,,,,,,,,,,,,,,,,,,
,,,,Decanter OOBE - Time taken to load 'Sign In to GoodReads' page  from goodreads page.,,,,,,,,,OOBE Gibson 1X Mode,,,0:30,,OOBE 1X,,,,,,,,,,0,0.1,0.1,Gibson,,,,,,,,,,,,,,,,,,,,,
,,,,Decanter OOBE - Time taken to load next page when 'Start your 30 day Prime FREE Trial' button is clicked on Prime 'Upsell' page.,,,,,,,,,OOBE Gibson 1X Mode,,,1:00,,OOBE 1X,,,,,,,,,,0,0.1,0.1,Gibson,,,,,,,,,,,,,,,,,,,,,
,,,,Decanter OOBE - Time taken to load next page when 'Join Kindle Unlimited' button is clicked on KU 'Upsell' page.,,,,,,,,,OOBE Gibson 1X Mode,,,1:00,,OOBE 1X,,,,,,,,,,0,0.1,0.1,Gibson,,,,,,,,,,,,,,,,,,,,,
,,,,Decanter OOBE - Time taken to load Audible upsell page from KU Upsell page,,,,,,,,,OOBE Gibson 1X Mode,,,0:50,,OOBE 1X,,,,,,,,,,0,0.1,0.1,Gibson,,,,,,,,,,,,,,,,,,,,,
,,,,Decanter OOBE - Time taken to load Prime upsell page from Audible 'Upsell' page,,,,,,,,,OOBE Gibson 1X Mode,,,0:50,,OOBE 1X,,,,,,,,,,0,0.1,0.1,Gibson,,,,,,,,,,,,,,,,,,,,,
,,,,Decanter OOBE - Time taken to load 'Two Step Verification' page from registration page,,,,,,,,,OOBE Gibson 1X Mode,,,0:40,,OOBE 1X,,,,,,,,,,0,0.1,0.1,Gibson,,,,,,,,,,,,,,,,,,,,,
,,,,Decanter OOBE - Time taken to load 'Send verification code' page from 'Two Step Verification' page,,,,,,,,,OOBE Gibson 1X Mode,,,0:40,,OOBE 1X,,,,,,,,,,0,0.1,0.1,Gibson,,,,,,,,,,,,,,,,,,,,,
,,,,Decanter OOBE - Time taken to load 'Verify Account' page from registration page.,,,,,,,,,OOBE Gibson 1X Mode,,,0:40,,OOBE 1X,,,,,,,,,,0,0.1,0.1,Gibson,,,,,,,,,,,,,,,,,,,,,
,,,,Decanter OOBE - Time taken to display code when 'Create code' is clicked.,,,,,,,,,OOBE Gibson 1X Mode,,,0:40,,OOBE 1X,,,,,,,,,,0,0.1,0.1,Gibson,,,,,,,,,,,,,,,,,,,,,
,,,,Decanter OOBE - Time taken to load 'Create a New Account: Country selector' screen.,,,,,,,,,OOBE Gibson 1X Mode,,,0:30,,OOBE 1X,,,,,,,,,,0,0.1,0.1,Gibson,,,,,,,,,,,,,,,,,,,,,
,,,,"Decanter OOBE - Time taken to load 'Create an Amazon account"" page.",,,,,,,,,OOBE Gibson 1X Mode,,,0:30,,OOBE 1X,,,,,,,,,,0,0.1,0.1,Gibson,,,,,,,,,,,,,,,,,,,,,
,,,,Decanter OOBE - Time taken to launch keyboard in 'Create an Amazon account' page.,,,,,,,,,OOBE Gibson 1X Mode,,,0:30,,OOBE 1X,,,,,,,,,,0,0.1,0.1,Gibson,,,,,,,,,,,,,,,,,,,,,
,,,,Decanter OOBE - Time taken to load 'Add a payment method' page.,,,,,,,,,OOBE Gibson 1X Mode,,,0:30,,OOBE 1X,,,,,,,,,,0,0.1,0.1,Gibson,,,,,,,,,,,,,,,,,,,,,
,,,,Decanter OOBE - Time taken to launch keyboard in 'Add a payment method' page.,,,,,,,,,OOBE Gibson 1X Mode,,,0:30,,OOBE 1X,,,,,,,,,,0,0.1,0.1,Gibson,,,,,,,,,,,,,,,,,,,,,
,,,,Decanter OOBE - Time taken to load 'Billing address' page.,,,,,,,,,OOBE Gibson 1X Mode,,,0:30,,OOBE 1X,,,,,,,,,,0,0.1,0.1,Gibson,,,,,,,,,,,,,,,,,,,,,
,,,,Decanter OOBE - Time taken to launch keyboard in 'Billing address' page.,,,,,,,,,OOBE Gibson 1X Mode,,,0:30,,OOBE 1X,,,,,,,,,,0,0.1,0.1,Gibson,,,,,,,,,,,,,,,,,,,,,
,,,,OOBE Gibson 2X Mode,Week_05 J19.2,,,,,,,J19.2 SBR  J19.3 Mainline,,,,,,,,,,,,,,,,0,0.1,0.1,,,,,,,,,,,,,,,,,,,,,,
,,,,Decanter OOBE - Time taken to load Kindle brand screen when power button is pressed.,,,,,,,,,OOBE Gibson 2X Mode,,,0:30,,OOBE 1X,,,,,,,,,,0,0.1,0.1,Gibson,,,,,,,,,,,,,,,,,,,,,
,,,,Decanter OOBE - Time taken to load language picker screen from kindle brand screen,,,,,,,,,OOBE Gibson 2X Mode,,,0:30,,OOBE 1X,,,,,,,,,,0,0.1,0.1,Gibson,,,,,,,,,,,,,,,,,,,,,
,,,,Decanter OOBE - Time taken to load Region picker screen from Language picker screen,,,,,,,,,OOBE Gibson 2X Mode,,,0:30,,OOBE 1X,,,,,,,,,,0,0.1,0.1,Gibson,,,,,,,,,,,,,,,,,,,,,
,,,,Decanter OOBE - Time taken to load SW loading screen from region picker page (When 'Next' button is clicked on region picker page),,,,,,,,,OOBE Gibson 2X Mode,,,0:30,,OOBE 1X,,,,,,,,,,0,0.1,0.1,Gibson,,,,,,,,,,,,,,,,,,,,,
,,,,Decanter OOBE - Time taken to complete SW load.,,,,,,,,,OOBE Gibson 2X Mode,,,0:30,,OOBE 1X,,,,,,,,,,0,0.1,0.1,Gibson,,,,,,,,,,,,,,,,,,,,,
,,,,Decanter OOBE - Time taken to load FFS welcome page.,,,,,,,,,OOBE Gibson 2X Mode,,,1:00,,OOBE 1X,,,,,,,,,,0,0.1,0.1,Gibson,,,,,,,,,,,,,,,,,,,,,
,,,,Decanter OOBE - Time taken to load 'Hello screen' from s/w load screen.,,,,,,,,,OOBE Gibson 2X Mode,,,0:30,,OOBE 1X,,,,,,,,,,0,0.1,0.1,Gibson,,,,,,,,,,,,,,,,,,,,,
,,,,Decanter OOBE - Time taken to load 'WiFi screen' from s/w load screen.,,,,,,,,,OOBE Gibson 2X Mode,,,0:30,,OOBE 1X,,,,,,,,,,0,0.1,0.1,Gibson,,,,,,,,,,,,,,,,,,,,,
,,,,Decanter OOBE - Time taken to load WiFi set-up screen when 'Set Up without App' button is selected in Hello screen,,,,,,,,,OOBE Gibson 2X Mode,,,0:30,,OOBE 1X,,,,,,,,,,0,0.1,0.1,Gibson,,,,,,,,,,,,,,,,,,,,,
,,,,Decanter OOBE - Time taken to load 'Registration' screen when 'Next' button is clicked in WiFi set-up screen.,,,,,,,,,OOBE Gibson 2X Mode,,,0:30,,OOBE 1X,,,,,,,,,,0,0.1,0.1,Gibson,,,,,,,,,,,,,,,,,,,,,
,,,,Decanter OOBE - Time taken to load 'Welcome' screen from Registration screen.,,,,,,,,,OOBE Gibson 2X Mode,,,0:30,,OOBE 1X,,,,,,,,,,0,0.1,0.1,Gibson,,,,,,,,,,,,,,,,,,,,,
,,,,Decanter OOBE - Time taken to load 'Goodreads sign-in / Sign-up' page from 'Get the Kindle App' screen,,,,,,,,,OOBE Gibson 2X Mode,,,0:30,,OOBE 1X,,,,,,,,,,0,0.1,0.1,Gibson,,,,,,,,,,,,,,,,,,,,,
,,,,Decanter OOBE - Time taken to load Prime 'Upsell' page from  'Get the Kindle App' screen,,,,,,,,,OOBE Gibson 2X Mode,,,0:50,,OOBE 1X,,,,,,,,,,0,0.1,0.1,Gibson,,,,,,,,,,,,,,,,,,,,,
,,,,Decanter OOBE - Time taken to load KU 'Upsell' page from  'Get the Kindle App' screen,,,,,,,,,OOBE Gibson 2X Mode,,,0:50,,OOBE 1X,,,,,,,,,,0,0.1,0.1,Gibson,,,,,,,,,,,,,,,,,,,,,
,,,,Decanter OOBE - Time taken to load Audible 'Upsell' page from  'Get the Kindle App' screen.,,,,,,,,,OOBE Gibson 2X Mode,,,0:50,,OOBE 1X,,,,,,,,,,0,0.1,0.1,Gibson,,,,,,,,,,,,,,,,,,,,,
,,,,Decanter OOBE - Time taken to load 'Get the Kindle App' page.,,,,,,,,,OOBE Gibson 2X Mode,,,0:00,,OOBE 1X,,,,,,,,,,0,0.1,0.1,Gibson,,,,,,,,,,,,,,,,,,,,,
,,,,Decanter OOBE - Time taken to show numbers keyboard modal when phone number field is clicked.,,,,,,,,,OOBE Gibson 2X Mode,,,0:00,,OOBE 1X,,,,,,,,,,0,0.1,0.1,Gibson,,,,,,,,,,,,,,,,,,,,,
,,,,Decanter OOBE - Time taken to load kindle app 'Connected' page after Kindle App is paired with device,,,,,,,,,OOBE Gibson 2X Mode,,,0:50,,OOBE 1X,,,,,,,,,,0,0.1,0.1,Gibson,,,,,,,,,,,,,,,,,,,,,
,,,,Decanter OOBE - Time taken to load 'Email-less Sign in Registration' screen when 'Next' button is clicked in WiFi screen.,,,,,,,,,OOBE Gibson 2X Mode,,,0:50,,OOBE 1X,,,,,,,,,,0,0.1,0.1,Gibson,,,,,,,,,,,,,,,,,,,,,
,,,,Decanter OOBE - Time taken to load 'Create New Account' confirmation dialog  from goodreads page.,,,,,,,,,OOBE Gibson 2X Mode,,,0:30,,OOBE 1X,,,,,,,,,,0,0.1,0.1,Gibson,,,,,,,,,,,,,,,,,,,,,
,,,,Decanter OOBE - Time taken to load 'Sign In to GoodReads' page  from goodreads page.,,,,,,,,,OOBE Gibson 2X Mode,,,0:30,,OOBE 1X,,,,,,,,,,0,0.1,0.1,Gibson,,,,,,,,,,,,,,,,,,,,,
,,,,Decanter OOBE - Time taken to load next page when 'Start your 30 day Prime FREE Trial' button is clicked on Prime 'Upsell' page.,,,,,,,,,OOBE Gibson 2X Mode,,,1:00,,OOBE 1X,,,,,,,,,,0,0.1,0.1,Gibson,,,,,,,,,,,,,,,,,,,,,
,,,,Decanter OOBE - Time taken to load next page when 'Join Kindle Unlimited' button is clicked on KU 'Upsell' page.,,,,,,,,,OOBE Gibson 2X Mode,,,1:00,,OOBE 1X,,,,,,,,,,0,0.1,0.1,Gibson,,,,,,,,,,,,,,,,,,,,,
,,,,Decanter OOBE - Time taken to load Audible upsell page from KU Upsell page,,,,,,,,,OOBE Gibson 2X Mode,,,0:50,,OOBE 1X,,,,,,,,,,0,0.1,0.1,Gibson,,,,,,,,,,,,,,,,,,,,,
,,,,Decanter OOBE - Time taken to load Prime upsell page from Audible 'Upsell' page,,,,,,,,,OOBE Gibson 2X Mode,,,0:50,,OOBE 1X,,,,,,,,,,0,0.1,0.1,Gibson,,,,,,,,,,,,,,,,,,,,,
,,,,Decanter OOBE - Time taken to load 'Two Step Verification' page from registration page,,,,,,,,,OOBE Gibson 2X Mode,,,0:40,,OOBE 1X,,,,,,,,,,0,0.1,0.1,Gibson,,,,,,,,,,,,,,,,,,,,,
,,,,Decanter OOBE - Time taken to load 'Send verification code' page from 'Two Step Verification' page,,,,,,,,,OOBE Gibson 2X Mode,,,0:40,,OOBE 1X,,,,,,,,,,0,0.1,0.1,Gibson,,,,,,,,,,,,,,,,,,,,,
,,,,Decanter OOBE - Time taken to load 'Verify Account' page from registration page.,,,,,,,,,OOBE Gibson 2X Mode,,,0:40,,OOBE 1X,,,,,,,,,,0,0.1,0.1,Gibson,,,,,,,,,,,,,,,,,,,,,
,,,,Decanter OOBE - Time taken to display code when 'Create code' is clicked.,,,,,,,,,OOBE Gibson 2X Mode,,,0:40,,OOBE 1X,,,,,,,,,,0,0.1,0.1,Gibson,,,,,,,,,,,,,,,,,,,,,
,,,,Decanter OOBE - Time taken to load 'Create a New Account: Country selector' screen.,,,,,,,,,OOBE Gibson 2X Mode,,,0:30,,OOBE 1X,,,,,,,,,,0,0.1,0.1,Gibson,,,,,,,,,,,,,,,,,,,,,
,,,,"Decanter OOBE - Time taken to load 'Create an Amazon account"" page.",,,,,,,,,OOBE Gibson 2X Mode,,,0:30,,OOBE 1X,,,,,,,,,,0,0.1,0.1,Gibson,,,,,,,,,,,,,,,,,,,,,
,,,,Decanter OOBE - Time taken to launch keyboard in 'Create an Amazon account' page.,,,,,,,,,OOBE Gibson 2X Mode,,,0:30,,OOBE 1X,,,,,,,,,,0,0.1,0.1,Gibson,,,,,,,,,,,,,,,,,,,,,
,,,,Decanter OOBE - Time taken to load 'Add a payment method' page.,,,,,,,,,OOBE Gibson 2X Mode,,,0:30,,OOBE 1X,,,,,,,,,,0,0.1,0.1,Gibson,,,,,,,,,,,,,,,,,,,,,
,,,,Decanter OOBE - Time taken to launch keyboard in 'Add a payment method' page.,,,,,,,,,OOBE Gibson 2X Mode,,,0:30,,OOBE 1X,,,,,,,,,,0,0.1,0.1,Gibson,,,,,,,,,,,,,,,,,,,,,
,,,,Decanter OOBE - Time taken to load 'Billing address' page.,,,,,,,,,OOBE Gibson 2X Mode,,,0:30,,OOBE 1X,,,,,,,,,,0,0.1,0.1,Gibson,,,,,,,,,,,,,,,,,,,,,
,,,,Decanter OOBE - Time taken to launch keyboard in 'Billing address' page.,,,,,,,,,OOBE Gibson 2X Mode,,,0:30,,OOBE 1X,,,,,,,,,,0,0.1,0.1,Gibson,,,,,,,,,,,,,,,,,,,,,
,,,,NRS - Cava,Week_05 J19.2,,,,,,,J19.2 SBR  J19.3 Mainline,,,,,,,,,,,,,,,,0,0.1,0.1,,,,,,,,,,,,,,,,,,,,,,
,,,,Time for preview window to appear on scrubber movement,,,,,,,,,NRS - Cava,,,,,NRS,,,,,,,,,,0,0.1,0.1,Cava,,,,,,,,,,,,,,,,,,,,,
,,,,Tap on preview to navigate to page (in scrubber) - Next page,,,,,,,,,NRS - Cava,,,,,NRS,,,,,,,,,,0,0.1,0.1,Cava,,,,,,,,,,,,,,,,,,,,,
,,,,Time to open Vocabulary Builder (200 words in db),,,,,,,,,NRS - Cava,,,,,NRS,,,,,,,,,,0,0.1,0.1,Cava,,,,,,,,,,,,,,,,,,,,,
,,,,Time to bring up dictionary definition (200 words in db),,,,,,,,,NRS - Cava,,,,,NRS,,,,,,,,,,0,0.1,0.1,Cava,,,,,,,,,,,,,,,,,,,,,
,,,,YJ-FontSizeChange,,,,,,,,,NRS - Cava,,,,,NRS,,,,,,,,,,0,0.1,0.1,Cava,,,,,,,,,,,,,,,,,,,,,
,,,,Open Book with ELL enabled,,,,,,,,,NRS - Cava,,,,,NRS,,,,,,,,,,0,0.1,0.1,Cava,,,,,,,,,,,,,,,,,,,,,
,,,,Next Page,,,,,,,,,NRS - Cava,,,,,NRS,,,,,,,,,,0,0.1,0.1,Cava,,,,,,,,,,,,,,,,,,,,,
,,,,Previous Page,,,,,,,,,NRS - Cava,,,,,NRS,,,,,,,,,,0,0.1,0.1,Cava,,,,,,,,,,,,,,,,,,,,,
,,,,Launching warmlight settings from quick actions,,,,,,,,,NRS - Cava,,,,,NRS,,,,,,,,,,0,0.1,0.1,Cava,,,,,,,,,,,,,,,,,,,,,
,,,,Enabling warmlight from settings,,,,,,,,,NRS - Cava,,,,,NRS,,,,,,,,,,0,0.1,0.1,Cava,,,,,,,,,,,,,,,,,,,,,
,,,,Quick Actions dismiss,,,,,,,,,NRS - Cava,,,,,NRS,,,,,,,,,,0,0.1,0.1,Cava,,,,,,,,,,,,,,,,,,,,,
,,,,Launch All Settings from Quick Actions,,,,,,,,,NRS - Cava,,,,,NRS,,,,,,,,,,0,0.1,0.1,Cava,,,,,,,,,,,,,,,,,,,,,
,,,,Menu screen to Settings page,,,,,,,,,NRS - Cava,,,,,NRS,,,,,,,,,,0,0.1,0.1,Cava,,,,,,,,,,,,,,,,,,,,,
,,,,Set password overlay to appear when turning on parental controls for the first time.,,,,,,,,,NRS - Cava,,,,,NRS,,,,,,,,,,0,0.1,0.1,Cava,,,,,,,,,,,,,,,,,,,,,
,,,,Time taken for parental control password overlay to appear in settings page,,,,,,,,,NRS - Cava,,,,,NRS,,,,,,,,,,0,0.1,0.1,Cava,,,,,,,,,,,,,,,,,,,,,
,,,,Open Menu – Home view,,,,,,,,,NRS - Cava,,,,,NRS,,,,,,,,,,0,0.1,0.1,Cava,,,,,,,,,,,,,,,,,,,,,
,,,,return to home from settings,,,,,,,,,NRS - Cava,,,,,NRS,,,,,,,,,,0,0.1,0.1,Cava,,,,,,,,,,,,,,,,,,,,,
,,,,Time taken for Font menu (Aa key) to appear in a YJ booklet with image,,,,,,,,,NRS - Cava,,,,,NRS,,,,,,,,,,0,0.1,0.1,Cava,,,,,,,,,,,,,,,,,,,,,
,,,,Time taken to open PVC folder(Excluding Title Bar) – In Home,,,,,,,,,NRS - Cava,,,,,NRS,,,,,,,,,,0,0.1,0.1,Cava,,,,,,,,,,,,,,,,,,,,,
,,,,Time taken to switch from cover view to list view,,,,,,,,,NRS - Cava,,,,,NRS,,,,,,,,,,0,0.1,0.1,Cava,,,,,,,,,,,,,,,,,,,,,
,,,,Time taken to switch from list view to cover view,,,,,,,,,NRS - Cava,,,,,NRS,,,,,,,,,,0,0.1,0.1,Cava,,,,,,,,,,,,,,,,,,,,,
,,,,2X Mode - Launching warmlight settings from quick actions,,,,,,,,,NRS - Cava,,,,,NRS,,,,,,,,,,0,0.1,0.1,Cava,,,,,,,,,,,,,,,,,,,,,
,,,,2X Mode - Enabling warmlight from settings,,,,,,,,,NRS - Cava,,,,,NRS,,,,,,,,,,0,0.1,0.1,Cava,,,,,,,,,,,,,,,,,,,,,
,,,,2X Mode - Launch All Settings from Quick Actions,,,,,,,,,NRS - Cava,,,,,NRS,,,,,,,,,,0,0.1,0.1,Cava,,,,,,,,,,,,,,,,,,,,,
,,,,2X Mode - Set password overlay to appear when turning on parental controls for the first time.,,,,,,,,,NRS - Cava,,,,,NRS,,,,,,,,,,0,0.1,0.1,Cava,,,,,,,,,,,,,,,,,,,,,
,,,,2X Mode - Time taken for parental control password overlay to appear in settings page,,,,,,,,,NRS - Cava,,,,,NRS,,,,,,,,,,0,0.1,0.1,Cava,,,,,,,,,,,,,,,,,,,,,
,,,,2X Mode - return to home from settings,,,,,,,,,NRS - Cava,,,,,NRS,,,,,,,,,,0,0.1,0.1,Cava,,,,,,,,,,,,,,,,,,,,,
,,,,NRS Sangria,Week_05 J19.2,,,,,,,J19.2 SBR  J19.3 Mainline,,,,,,,,,,,,,,,,0,0.1,0.1,,,,,,,,,,,,,,,,,,,,,,
,,,,Time for preview window to appear on scrubber movement,,,,,,,,,NRS Sangria,,,,,,,,,,,,,,,0,0.1,0.1,Sangria,,,,,,,,,,,,,,,,,,,,,
,,,,Tap on preview to navigate to page (in scrubber) - Next page,,,,,,,,,NRS Sangria,,,,,,,,,,,,,,,0,0.1,0.1,Sangria,,,,,,,,,,,,,,,,,,,,,
,,,,Time to bring up dictionary definition (200 words in db),,,,,,,,,NRS Sangria,,,,,,,,,,,,,,,0,0.1,0.1,Sangria,,,,,,,,,,,,,,,,,,,,,
,,,,YJ-FontSizeChange,,,,,,,,,NRS Sangria,,,,,,,,,,,,,,,0,0.1,0.1,Sangria,,,,,,,,,,,,,,,,,,,,,
,,,,Open Book with ELL enabled,,,,,,,,,NRS Sangria,,,,,,,,,,,,,,,0,0.1,0.1,Sangria,,,,,,,,,,,,,,,,,,,,,
,,,,Quick Actions dismiss,,,,,,,,,NRS Sangria,,,,,,,,,,,,,,,0,0.1,0.1,Sangria,,,,,,,,,,,,,,,,,,,,,
,,,,Launch All Settings from Quick Actions,,,,,,,,,NRS Sangria,,,,,,,,,,,,,,,0,0.1,0.1,Sangria,,,,,,,,,,,,,,,,,,,,,
,,,,Menu screen to Settings page,,,,,,,,,NRS Sangria,,,,,,,,,,,,,,,0,0.1,0.1,Sangria,,,,,,,,,,,,,,,,,,,,,
,,,,Set password overlay to appear when turning on parental controls for the first time.,,,,,,,,,NRS Sangria,,,,,,,,,,,,,,,0,0.1,0.1,Sangria,,,,,,,,,,,,,,,,,,,,,
,,,,Time taken for parental control password overlay to appear in settings page,,,,,,,,,NRS Sangria,,,,,,,,,,,,,,,0,0.1,0.1,Sangria,,,,,,,,,,,,,,,,,,,,,
,,,,Open Menu – Home view,,,,,,,,,NRS Sangria,,,,,,,,,,,,,,,0,0.1,0.1,Sangria,,,,,,,,,,,,,,,,,,,,,
,,,,return to home from settings,,,,,,,,,NRS Sangria,,,,,,,,,,,,,,,0,0.1,0.1,Sangria,,,,,,,,,,,,,,,,,,,,,
,,,,Time taken to redisplay home after Filtering by 'Book'(Cover view),,,,,,,,,NRS Sangria,,,,,,,,,,,,,,,0,0.1,0.1,Sangria,,,,,,,,,,,,,,,,,,,,,
,,,,Time taken for Font menu (Aa key) to appear in a YJ booklet with image,,,,,,,,,NRS Sangria,,,,,,,,,,,,,,,0,0.1,0.1,Sangria,,,,,,,,,,,,,,,,,,,,,
,,,,Time taken to open PVC folder(Excluding Title Bar) – In Home,,,,,,,,,NRS Sangria,,,,,,,,,,,,,,,0,0.1,0.1,Sangria,,,,,,,,,,,,,,,,,,,,,
,,,,Time taken to switch from cover view to list view,,,,,,,,,NRS Sangria,,,,,,,,,,,,,,,0,0.1,0.1,Sangria,,,,,,,,,,,,,,,,,,,,,
,,,,Time taken to switch from list view to cover view,,,,,,,,,NRS Sangria,,,,,,,,,,,,,,,0,0.1,0.1,Sangria,,,,,,,,,,,,,,,,,,,,,
,,,,2X Mode - Launch All Settings from Quick Actions,,,,,,,,,NRS Sangria,,,,,,,,,,,,,,,0,0.1,0.1,Sangria,,,,,,,,,,,,,,,,,,,,,
,,,,2X Mode - Menu screen to Settings page,,,,,,,,,NRS Sangria,,,,,,,,,,,,,,,0,0.1,0.1,Sangria,,,,,,,,,,,,,,,,,,,,,
,,,,2X Mode - Set password overlay to appear when turning on parental controls for the first time.,,,,,,,,,NRS Sangria,,,,,,,,,,,,,,,0,0.1,0.1,Sangria,,,,,,,,,,,,,,,,,,,,,
,,,,2X Mode - Time taken for parental control password overlay to appear in settings page,,,,,,,,,NRS Sangria,,,,,,,,,,,,,,,0,0.1,0.1,Sangria,,,,,,,,,,,,,,,,,,,,,
,,,,2X Mode - Return to home from settings,,,,,,,,,NRS Sangria,,,,,,,,,,,,,,,0,0.1,0.1,Sangria,,,,,,,,,,,,,,,,,,,,,
,,,,NRS Paloma,Week_05 J19.2,,,,,,,J19.2 SBR  J19.3 Mainline,,,,,,,,,,,,,,,,0,0.1,0.1,,,,,,,,,,,,,,,,,,,,,,
,,,,1,,,,,,,,,NRS Paloma,,,,,,,,,,,,,,,0,0.1,0.1,,,,,,,,,,,,,,,,,,,,,,
,,,,NRS Gibson,Week_05 J19.2,,,,,,,J19.2 SBR  J19.3 Mainline,,,,,,,,,,,,,,,,0,0.1,0.1,,,,,,,,,,,,,,,,,,,,,,
,,,,1,,,,,,,,,NRS Gibson,,,,,,,,,,,,,,,0,0.1,0.1,,,,,,,,,,,,,,,,,,,,,,
,,,,HWR Pisco Existing Pending,Week_05 J19.2,,,,,,,J19.2 SBR  J19.3 Mainline,,,,,,,,,,,,,,,,0,0.1,0.1,,,,,,,,,,,,,,,,,,,,,,
,,,,250 stroke -Customer converts a notebook with 50 Pages - Preview,,,,,,,,,HWR Pisco Existing Pending,,,0:15,,HWR Existing,,,,,,,,,,0,0.1,0.1,Pisco,,,,,,,,,,,,,,,,,,,,,
,,,,1000 stroke -Customer converts a notebook with 50 Pages - Preview,,,,,,,,,HWR Pisco Existing Pending,,,0:20,,HWR Existing,,,,,,,,,,0,0.1,0.1,Pisco,,,,,,,,,,,,,,,,,,,,,
,,,,"250 stroke - 50 pages existing notebook, 25 selected - Preview",,,,,,,,,HWR Pisco Existing Pending,,,0:15,,HWR Existing,,,,,,,,,,0,0.1,0.1,Pisco,,,,,,,,,,,,,,,,,,,,,
,,,,"1000 stroke - 50 pages existing notebook, 25 selected - Preview",,,,,,,,,HWR Pisco Existing Pending,,,0:20,,HWR Existing,,,,,,,,,,0,0.1,0.1,Pisco,,,,,,,,,,,,,,,,,,,,,
,,,,"250 stroke - 50 pages existing notebook, 1 selected - Preview",,,,,,,,,HWR Pisco Existing Pending,,,0:15,,HWR Existing,,,,,,,,,,0,0.1,0.1,Pisco,,,,,,,,,,,,,,,,,,,,,
,,,,"1000 stroke - 50 pages existing notebook, 1 selected - Preview",,,,,,,,,HWR Pisco Existing Pending,,,0:20,,HWR Existing,,,,,,,,,,0,0.1,0.1,Pisco,,,,,,,,,,,,,,,,,,,,,
,,,,Quick send 250 stroke - Customer converts a notebook with 50 Pages - Email Time,,,,,,,,,HWR Pisco Existing Pending,,,0:25,,HWR Existing,,,,,,,,,,0,0.1,0.1,Pisco,,,,,,,,,,,,,,,,,,,,,
,,,,Quick send 1000 stroke - Customer converts a notebook with 50 Pages - Email Time,,,,,,,,,HWR Pisco Existing Pending,,,0:25,,HWR Existing,,,,,,,,,,0,0.1,0.1,Pisco,,,,,,,,,,,,,,,,,,,,,
,,,,"Quick send 250 stroke 50 pages existing notebook, 1 selected - Email Time",,,,,,,,,HWR Pisco Existing Pending,,,0:25,,HWR Existing,,,,,,,,,,0,0.1,0.1,Pisco,,,,,,,,,,,,,,,,,,,,,
,,,,"Quick send 1000 stroke 50 pages existing notebook, 1 selected - Email Time",,,,,,,,,HWR Pisco Existing Pending,,,0:25,,HWR Existing,,,,,,,,,,0,0.1,0.1,Pisco,,,,,,,,,,,,,,,,,,,,,
,,,,"Quick send 250 50 pages existing notebook, 25 selected - Email Time",,,,,,,,,HWR Pisco Existing Pending,,,0:25,,HWR Existing,,,,,,,,,,0,0.1,0.1,Pisco,,,,,,,,,,,,,,,,,,,,,
,,,,"Quick send 1000 50 pages existing notebook, 25 selected - Email Time",,,,,,,,,HWR Pisco Existing Pending,,,0:25,,HWR Existing,,,,,,,,,,0,0.1,0.1,Pisco,,,,,,,,,,,,,,,,,,,,,
,,,,"250 stroke Customer converts a notebook with 50 Pages - Email Time (text)
",,,,,,,,,HWR Pisco Existing Pending,,,0:10,,HWR Existing,,,,,,,,,,0,0.1,0.1,Pisco,,,,,,,,,,,,,,,,,,,,,
,,,,"1000 stroke Customer converts a notebook with 50 Pages - Email Time (text)
",,,,,,,,,HWR Pisco Existing Pending,,,0:10,,HWR Existing,,,,,,,,,,0,0.1,0.1,Pisco,,,,,,,,,,,,,,,,,,,,,
,,,,"250 stroke 50 pages existing notebook, 1 selected - Email Time (text)
",,,,,,,,,HWR Pisco Existing Pending,,,0:10,,HWR Existing,,,,,,,,,,0,0.1,0.1,Pisco,,,,,,,,,,,,,,,,,,,,,
,,,,"1000 stroke 50 pages existing notebook, 1 selected - Email Time (text)
",,,,,,,,,HWR Pisco Existing Pending,,,0:10,,HWR Existing,,,,,,,,,,0,0.1,0.1,Pisco,,,,,,,,,,,,,,,,,,,,,
,,,,"250 stroke 50 pages existing notebook, 25 selected - Email Time (text)
",,,,,,,,,HWR Pisco Existing Pending,,,0:10,,HWR Existing,,,,,,,,,,0,0.1,0.1,Pisco,,,,,,,,,,,,,,,,,,,,,
,,,,"1000 stroke 50 pages existing notebook, 25 selected - Email Time (text)
",,,,,,,,,HWR Pisco Existing Pending,,,0:10,,HWR Existing,,,,,,,,,,0,0.1,0.1,Pisco,,,,,,,,,,,,,,,,,,,,,
,,,,"250 stroke Customer converts a notebook with 50 Pages - Email Time (text+pdf)
",,,,,,,,,HWR Pisco Existing Pending,,,0:25,,HWR Existing,,,,,,,,,,0,0.1,0.1,Pisco,,,,,,,,,,,,,,,,,,,,,
,,,,"1000 stroke Customer converts a notebook with 50 Pages - Email Time (text+pdf)
",,,,,,,,,HWR Pisco Existing Pending,,,0:25,,HWR Existing,,,,,,,,,,0,0.1,0.1,Pisco,,,,,,,,,,,,,,,,,,,,,
,,,,"250 stroke 50 pages existing notebook, 1 selected - Email Time (text+pdf)
",,,,,,,,,HWR Pisco Existing Pending,,,0:25,,HWR Existing,,,,,,,,,,0,0.1,0.1,Pisco,,,,,,,,,,,,,,,,,,,,,
,,,,"1000 stroke 50 pages existing notebook, 1 selected - Email Time (text+pdf)
",,,,,,,,,HWR Pisco Existing Pending,,,0:25,,HWR Existing,,,,,,,,,,0,0.1,0.1,Pisco,,,,,,,,,,,,,,,,,,,,,
,,,,"250 stroke 50 pages existing notebook, 25 selected - Email Time (text+pdf))
",,,,,,,,,HWR Pisco Existing Pending,,,0:25,,HWR Existing,,,,,,,,,,0,0.1,0.1,Pisco,,,,,,,,,,,,,,,,,,,,,
,,,,"1000 stroke 50 pages existing notebook, 25 selected - Email Time (text+pdf))
",,,,,,,,,HWR Pisco Existing Pending,,,0:25,,HWR Existing,,,,,,,,,,0,0.1,0.1,Pisco,,,,,,,,,,,,,,,,,,,,,
,,,,HWR Gibson Manual & Quick Send (NEW),Week_05 J19.2,,,,,,,J19.2 SBR  J19.3 Mainline,,,,,,,,,,,,,,,,0,0.1,0.1,,,,,,,,,,,,,,,,,,,,,,
,,,,"Time it takes for an already converted set of pages to load in preview. (for gray ""loading"" pages to show)",,,,,,,,,HWR Gibson Manual & Quick Send (NEW),,,0:25,,HWR New,,,,,,,,,,0,0.1,0.1,Barolo,,,,,,,,,,,,,,,,,,,,,
,,,,Time it takes to bring up edit window and keyboard in preview.,,,,,,,,,HWR Gibson Manual & Quick Send (NEW),,,0:25,,HWR New,,,,,,,,,,0,0.1,0.1,Barolo,,,,,,,,,,,,,,,,,,,,,
,,,,Time it takes to navigate to a different (already converted) page in preview via Go to,,,,,,,,,HWR Gibson Manual & Quick Send (NEW),,,0:25,,HWR New,,,,,,,,,,0,0.1,0.1,Barolo,,,,,,,,,,,,,,,,,,,,,
,,,,Time it takes to navigate to a different page (not converted yet) in preview via Go to,,,,,,,,,HWR Gibson Manual & Quick Send (NEW),,,0:25,,HWR New,,,,,,,,,,0,0.1,0.1,Barolo,,,,,,,,,,,,,,,,,,,,,
,,,,Customer creates a new notebook while offline with 1 Page,,,,,,,,,HWR Gibson Manual & Quick Send (NEW),,,0:30,,HWR New,,,,,,,,,,0,0.1,0.1,Barolo,,,,,,,,,,,,,,,,,,,,,
,,,,Customer creates a new notebook while offline with 5 Page,,,,,,,,,HWR Gibson Manual & Quick Send (NEW),,,0:35,,HWR New,,,,,,,,,,0,0.1,0.1,Barolo,,,,,,,,,,,,,,,,,,,,,
,,,,Quick send 250 stroke - Customer converts a notebook with 50 Pages - Email Time,,,,,,,,,HWR Gibson Manual & Quick Send (NEW),,,1:30,,HWR New,,,,,,,,,,0,0.1,0.1,Barolo,,,,,,,,,,,,,,,,,,,,,
,,,,Quick send 1000 stroke - Customer converts a notebook with 50 Pages - Email Time,,,,,,,,,HWR Gibson Manual & Quick Send (NEW),,,1:30,,HWR New,,,,,,,,,,0,0.1,0.1,Barolo,,,,,,,,,,,,,,,,,,,,,
,,,,"Quick send 250 stroke 50 pages New notebook, 1 selected - Email Time",,,,,,,,,HWR Gibson Manual & Quick Send (NEW),,,1:30,,HWR New,,,,,,,,,,0,0.1,0.1,Barolo,,,,,,,,,,,,,,,,,,,,,
,,,,"Quick send 1000 stroke 50 pages New notebook, 1 selected - Email Time",,,,,,,,,HWR Gibson Manual & Quick Send (NEW),,,1:30,,HWR New,,,,,,,,,,0,0.1,0.1,Barolo,,,,,,,,,,,,,,,,,,,,,
,,,,"Quick send 250 50 pages New notebook, 25 selected - Email Time",,,,,,,,,HWR Gibson Manual & Quick Send (NEW),,,1:30,,HWR New,,,,,,,,,,0,0.1,0.1,Barolo,,,,,,,,,,,,,,,,,,,,,
,,,,"Quick send 1000 50 pages New notebook, 25 selected - Email Time",,,,,,,,,HWR Gibson Manual & Quick Send (NEW),,,1:30,,HWR New,,,,,,,,,,0,0.1,0.1,Barolo,,,,,,,,,,,,,,,,,,,,,
,,,,HWR Barolo Manual & Quick Send (NEW),Week_05 J19.2,,,,,,,J19.2 SBR  J19.3 Mainline,,,,,,,,,,,,,,,,0,0.1,0.1,,,,,,,,,,,,,,,,,,,,,,
,,,,"Time it takes for an already converted set of pages to load in preview. (for gray ""loading"" pages to show)",,,,,,,,,HWR Barolo Manual & Quick Send (NEW),,,0:25,,HWR New,,,,,,,,,,0,0.1,0.1,Barolo,,,,,,,,,,,,,,,,,,,,,
,,,,Time it takes to bring up edit window and keyboard in preview.,,,,,,,,,HWR Barolo Manual & Quick Send (NEW),,,0:25,,HWR New,,,,,,,,,,0,0.1,0.1,Barolo,,,,,,,,,,,,,,,,,,,,,
,,,,Time it takes to navigate to a different (already converted) page in preview via Go to,,,,,,,,,HWR Barolo Manual & Quick Send (NEW),,,0:25,,HWR New,,,,,,,,,,0,0.1,0.1,Barolo,,,,,,,,,,,,,,,,,,,,,
,,,,Time it takes to navigate to a different page (not converted yet) in preview via Go to,,,,,,,,,HWR Barolo Manual & Quick Send (NEW),,,0:25,,HWR New,,,,,,,,,,0,0.1,0.1,Barolo,,,,,,,,,,,,,,,,,,,,,
,,,,Customer creates a new notebook while offline with 1 Page,,,,,,,,,HWR Barolo Manual & Quick Send (NEW),,,0:30,,HWR New,,,,,,,,,,0,0.1,0.1,Barolo,,,,,,,,,,,,,,,,,,,,,
,,,,Customer creates a new notebook while offline with 5 Page,,,,,,,,,HWR Barolo Manual & Quick Send (NEW),,,0:35,,HWR New,,,,,,,,,,0,0.1,0.1,Barolo,,,,,,,,,,,,,,,,,,,,,
,,,,Quick send 250 stroke - Customer converts a notebook with 50 Pages - Email Time,,,,,,,,,HWR Barolo Manual & Quick Send (NEW),,,1:30,,HWR New,,,,,,,,,,0,0.1,0.1,Barolo,,,,,,,,,,,,,,,,,,,,,
,,,,Quick send 1000 stroke - Customer converts a notebook with 50 Pages - Email Time,,,,,,,,,HWR Barolo Manual & Quick Send (NEW),,,1:30,,HWR New,,,,,,,,,,0,0.1,0.1,Barolo,,,,,,,,,,,,,,,,,,,,,
,,,,"Quick send 250 stroke 50 pages New notebook, 1 selected - Email Time",,,,,,,,,HWR Barolo Manual & Quick Send (NEW),,,1:30,,HWR New,,,,,,,,,,0,0.1,0.1,Barolo,,,,,,,,,,,,,,,,,,,,,
,,,,"Quick send 1000 stroke 50 pages New notebook, 1 selected - Email Time",,,,,,,,,HWR Barolo Manual & Quick Send (NEW),,,1:30,,HWR New,,,,,,,,,,0,0.1,0.1,Barolo,,,,,,,,,,,,,,,,,,,,,
,,,,"Quick send 250 50 pages New notebook, 25 selected - Email Time",,,,,,,,,HWR Barolo Manual & Quick Send (NEW),,,1:30,,HWR New,,,,,,,,,,0,0.1,0.1,Barolo,,,,,,,,,,,,,,,,,,,,,
,,,,"Quick send 1000 50 pages New notebook, 25 selected - Email Time",,,,,,,,,HWR Barolo Manual & Quick Send (NEW),,,1:30,,HWR New,,,,,,,,,,0,0.1,0.1,Barolo,,,,,,,,,,,,,,,,,,,,,
,,,,Calvados Keyboard Canvas,Week_05 J19.2,,,,,,,J19.2 SBR  J19.3 Mainline,,,,,,,,,,,,,,,,0,0.1,0.1,,,,,,,,,,,,,,,,,,,,,,
,,,,From Home invoke keyboard,,,,,,,,,Calvados Keyboard Canvas,,,0:40,,Keyboard Canvas,,,,,,,,,,0,0.1,0.1,Calvados,,,,,,,,,,,,,,,,,,,,,
,,,,Normal to Canvas,,,,,,,,,Calvados Keyboard Canvas,,,0:40,,Keyboard Canvas,,,,,,,,,,0,0.1,0.1,Calvados,,,,,,,,,,,,,,,,,,,,,
,,,,Canvas to Normal,,,,,,,,,Calvados Keyboard Canvas,,,0:40,,Keyboard Canvas,,,,,,,,,,0,0.1,0.1,Calvados,,,,,,,,,,,,,,,,,,,,,
,,,,Canvas write” K “letter to predictive letter,,,,,,,,,Calvados Keyboard Canvas,,,0:40,,Keyboard Canvas,,,,,,,,,,0,0.1,0.1,Calvados,,,,,,,,,,,,,,,,,,,,,
,,,,Canvas write “K” letter to search suggestion,,,,,,,,,Calvados Keyboard Canvas,,,0:40,,Keyboard Canvas,,,,,,,,,,0,0.1,0.1,Calvados,,,,,,,,,,,,,,,,,,,,,
,,,,Canvas write ”Kindle” letter to predictive,,,,,,,,,Calvados Keyboard Canvas,,,0:40,,Keyboard Canvas,,,,,,,,,,0,0.1,0.1,Calvados,,,,,,,,,,,,,,,,,,,,,
,,,,Canvas write “Kindle” letter to search suggestion,,,,,,,,,Calvados Keyboard Canvas,,,0:40,,Keyboard Canvas,,,,,,,,,,0,0.1,0.1,Calvados,,,,,,,,,,,,,,,,,,,,,
,,,,From Home invoke keyboard,,,,,,,,,Calvados Keyboard Canvas,,,0:40,,Keyboard Canvas,,,,,,,,,,0,0.1,0.1,Calvados,,,,,,,,,,,,,,,,,,,,,
,,,,Normal to Canvas,,,,,,,,,Calvados Keyboard Canvas,,,0:40,,Keyboard Canvas,,,,,,,,,,0,0.1,0.1,Calvados,,,,,,,,,,,,,,,,,,,,,
,,,,Canvas to Normal,,,,,,,,,Calvados Keyboard Canvas,,,0:40,,Keyboard Canvas,,,,,,,,,,0,0.1,0.1,Calvados,,,,,,,,,,,,,,,,,,,,,
,,,,Paloma Keyboard Canvas,Week_05 J19.2,,,,,,,J19.2 SBR  J19.3 Mainline,,,,,,,,,,,,,,,,0,0.1,0.1,,,,,,,,,,,,,,,,,,,,,,
,,,,From Home invoke keyboard,,,,,,,,,Paloma Keyboard Canvas,,,0:40,,Keyboard Canvas,,,,,,,,,,0,0.1,0.1,Paloma,,,,,,,,,,,,,,,,,,,,,
,,,,Normal to Canvas,,,,,,,,,Paloma Keyboard Canvas,,,0:40,,Keyboard Canvas,,,,,,,,,,0,0.1,0.1,Paloma,,,,,,,,,,,,,,,,,,,,,
,,,,Canvas to Normal,,,,,,,,,Paloma Keyboard Canvas,,,0:40,,Keyboard Canvas,,,,,,,,,,0,0.1,0.1,Paloma,,,,,,,,,,,,,,,,,,,,,
,,,,Canvas write” K “letter to predictive letter,,,,,,,,,Paloma Keyboard Canvas,,,0:40,,Keyboard Canvas,,,,,,,,,,0,0.1,0.1,Paloma,,,,,,,,,,,,,,,,,,,,,
,,,,Canvas write “K” letter to search suggestion,,,,,,,,,Paloma Keyboard Canvas,,,0:40,,Keyboard Canvas,,,,,,,,,,0,0.1,0.1,Paloma,,,,,,,,,,,,,,,,,,,,,
,,,,Canvas write ”Kindle” letter to predictive,,,,,,,,,Paloma Keyboard Canvas,,,0:40,,Keyboard Canvas,,,,,,,,,,0,0.1,0.1,Paloma,,,,,,,,,,,,,,,,,,,,,
,,,,Canvas write “Kindle” letter to search suggestion,,,,,,,,,Paloma Keyboard Canvas,,,0:40,,Keyboard Canvas,,,,,,,,,,0,0.1,0.1,Paloma,,,,,,,,,,,,,,,,,,,,,
,,,,From Home invoke keyboard,,,,,,,,,Paloma Keyboard Canvas,,,0:40,,Keyboard Canvas,,,,,,,,,,0,0.1,0.1,Paloma,,,,,,,,,,,,,,,,,,,,,
,,,,Normal to Canvas,,,,,,,,,Paloma Keyboard Canvas,,,0:40,,Keyboard Canvas,,,,,,,,,,0,0.1,0.1,Paloma,,,,,,,,,,,,,,,,,,,,,
,,,,Canvas to Normal,,,,,,,,,Paloma Keyboard Canvas,,,0:40,,Keyboard Canvas,,,,,,,,,,0,0.1,0.1,Paloma,,,,,,,,,,,,,,,,,,,,,
,,,,Calvados Color stroke,Week_05 J19.2,,,,,,,J19.2 SBR  J19.3 Mainline,,,,,,,,,,,,,,,,,,,,,,,,,,,,,,,,,,,,,,,,
,,,,Time it takes to open a standalone notebook in Grid view.,,,,,,,,,Calvados Color stroke,,,0:15,,Color Stroke,,,,,,,,,,0,0.1,0.1,Calvados,,,,,,,,,,,,,,,,,,,,,
,,,,Time it takes to close a standalone notebook in Grid view.,,,,,,,,,Calvados Color stroke,,,0:15,,Color Stroke,,,,,,,,,,0,0.1,0.1,Calvados,,,,,,,,,,,,,,,,,,,,,
,,,,Time it takes to download a standalone notebook - Grid view,,,,,,,,,Calvados Color stroke,,,0:10,,Color Stroke,,,,,,,,,,0,0.1,0.1,Calvados,,,,,,,,,,,,,,,,,,,,,
,,,,Next page turn with Color Strokes,,,,,,,,,Calvados Color stroke,,,0:10,,Color Stroke,,,,,,,,,,0,0.1,0.1,Calvados,,,,,,,,,,,,,,,,,,,,,
,,,,Previous page turn with Color Strokes,,,,,,,,,Calvados Color stroke,,,0:10,,Color Stroke,,,,,,,,,,0,0.1,0.1,Calvados,,,,,,,,,,,,,,,,,,,,,
,,,,Time it takes to open a standalone notebook in Grid view BW,,,,,,,,,Calvados Color stroke,,,0:15,,Color Stroke,,,,,,,,,,0,0.1,0.1,Calvados,,,,,,,,,,,,,,,,,,,,,
,,,,Time it takes to close a standalone notebook in Grid view BW,,,,,,,,,Calvados Color stroke,,,0:15,,Color Stroke,,,,,,,,,,0,0.1,0.1,Calvados,,,,,,,,,,,,,,,,,,,,,
,,,,Time it takes to download a standalone notebook - Grid view BW,,,,,,,,,Calvados Color stroke,,,0:10,,Color Stroke,,,,,,,,,,0,0.1,0.1,Calvados,,,,,,,,,,,,,,,,,,,,,
,,,,Next page turn with Black Strokes BW,,,,,,,,,Calvados Color stroke,,,0:10,,Color Stroke,,,,,,,,,,0,0.1,0.1,Calvados,,,,,,,,,,,,,,,,,,,,,
,,,,Previous page turn with Black Strokes BW,,,,,,,,,Calvados Color stroke,,,0:10,,Color Stroke,,,,,,,,,,0,0.1,0.1,Calvados,,,,,,,,,,,,,,,,,,,,,
,,,,Calvados HWR Search,Week_05 J19.2,,,,,,,J19.2 SBR  J19.3 Mainline,,,,,,,,,,,,,,,,,,,,,,,,,,,,,,,,,,,,,,,,
,,,,Validate time taken to render the universal search page (wifi on),,,,,,,,,Calvados HWR Search,,,0:22,,HWR search,,,,,,,,,,0,0.1,0.1,Calvados,,,,,,,,,,,,,,,,,,,,,
,,,,Validate time taken to render the universal search page (wifi off),,,,,,,,,Calvados HWR Search,,,0:22,,HWR search,,,,,,,,,,0,0.1,0.1,Calvados,,,,,,,,,,,,,,,,,,,,,
,,,,Validate time taken to open notebook from universal search,,,,,,,,,Calvados HWR Search,,,0:22,,HWR search,,,,,,,,,,0,0.1,0.1,Calvados,,,,,,,,,,,,,,,,,,,,,
,,,,Validate time taken to close notebook launched from universal search result page,,,,,,,,,Calvados HWR Search,,,0:22,,HWR search,,,,,,,,,,0,0.1,0.1,Calvados,,,,,,,,,,,,,,,,,,,,,
,,,,Validate time taken to open full notebook page,,,,,,,,,Calvados HWR Search,,,0:22,,HWR search,,,,,,,,,,0,0.1,0.1,Calvados,,,,,,,,,,,,,,,,,,,,,
,,,,Validate time taken to paginate 1x forward in notebook title view (use arrows),,,,,,,,,Calvados HWR Search,,,0:22,,HWR search,,,,,,,,,,0,0.1,0.1,Calvados,,,,,,,,,,,,,,,,,,,,,
,,,,"Validate time taken to paginate 1x backward in ""notebook title view""",,,,,,,,,Calvados HWR Search,,,0:22,,HWR search,,,,,,,,,,0,0.1,0.1,Calvados,,,,,,,,,,,,,,,,,,,,,
,,,,Validate time taken to open notebook from text in notebook,,,,,,,,,Calvados HWR Search,,,0:22,,HWR search,,,,,,,,,,0,0.1,0.1,Calvados,,,,,,,,,,,,,,,,,,,,,
,,,,Validate time taken to close notebook launched from text in notebooks (Back to Home),,,,,,,,,Calvados HWR Search,,,0:22,,HWR search,,,,,,,,,,0,0.1,0.1,Calvados,,,,,,,,,,,,,,,,,,,,,
,,,,Verify time to iterator forward,,,,,,,,,Calvados HWR Search,,,0:22,,HWR search,,,,,,,,,,0,0.1,0.1,Calvados,,,,,,,,,,,,,,,,,,,,,
,,,,Verify time to iterator backward,,,,,,,,,Calvados HWR Search,,,0:22,,HWR search,,,,,,,,,,0,0.1,0.1,Calvados,,,,,,,,,,,,,,,,,,,,,
,,,,Verify time to go back to universal search page,,,,,,,,,Calvados HWR Search,,,0:22,,HWR search,,,,,,,,,,0,0.1,0.1,Calvados,,,,,,,,,,,,,,,,,,,,,
,,,,Verify time for stay here to go to notebook view,,,,,,,,,Calvados HWR Search,,,0:22,,HWR search,,,,,,,,,,0,0.1,0.1,Calvados,,,,,,,,,,,,,,,,,,,,,
,,,,Validate time taken to render text in noteboks only view -HWR-1000,,,,,,,,,Calvados HWR Search,,,0:22,,HWR search,,,,,,,,,,0,0.1,0.1,Calvados,,,,,,,,,,,,,,,,,,,,,
,,,,"Validate time taken to display ""notebook only view"" from back -HWR-1000",,,,,,,,,Calvados HWR Search,,,0:22,,HWR search,,,,,,,,,,0,0.1,0.1,Calvados,,,,,,,,,,,,,,,,,,,,,
,,,,Validate time taken to paginate 1x forward in notebook content view (use arrows),,,,,,,,,Calvados HWR Search,,,0:22,,HWR search,,,,,,,,,,0,0.1,0.1,Calvados,,,,,,,,,,,,,,,,,,,,,
,,,,"Validate time taken to paginate 1x backward ""notebook in content view""",,,,,,,,,Calvados HWR Search,,,0:22,,HWR search,,,,,,,,,,0,0.1,0.1,Calvados,,,,,,,,,,,,,,,,,,,,,
,,,,Paloma HWR Search,Week_05 J19.2,,,,,,,J19.2 SBR  J19.3 Mainline,,,,,,,,,,,,,,,,,,,,,,,,,,,,,,,,,,,,,,,,
,,,,Validate time taken to render the universal search page (wifi on),,,,,,,,,Paloma HWR Search,,,0:22,,HWR search,,,,,,,,,,0,0.1,0.1,Paloma,,,,,,,,,,,,,,,,,,,,,
,,,,Validate time taken to render the universal search page (wifi off),,,,,,,,,Paloma HWR Search,,,0:22,,HWR search,,,,,,,,,,0,0.1,0.1,Paloma,,,,,,,,,,,,,,,,,,,,,
,,,,Validate time taken to open notebook from universal search,,,,,,,,,Paloma HWR Search,,,0:22,,HWR search,,,,,,,,,,0,0.1,0.1,Paloma,,,,,,,,,,,,,,,,,,,,,
,,,,Validate time taken to close notebook launched from universal search result page,,,,,,,,,Paloma HWR Search,,,0:22,,HWR search,,,,,,,,,,0,0.1,0.1,Paloma,,,,,,,,,,,,,,,,,,,,,
,,,,Validate time taken to open full notebook page,,,,,,,,,Paloma HWR Search,,,0:22,,HWR search,,,,,,,,,,0,0.1,0.1,Paloma,,,,,,,,,,,,,,,,,,,,,
,,,,Validate time taken to paginate 1x forward in notebook title view (use arrows),,,,,,,,,Paloma HWR Search,,,0:22,,HWR search,,,,,,,,,,0,0.1,0.1,Paloma,,,,,,,,,,,,,,,,,,,,,
,,,,"Validate time taken to paginate 1x backward in ""notebook title view""",,,,,,,,,Paloma HWR Search,,,0:22,,HWR search,,,,,,,,,,0,0.1,0.1,Paloma,,,,,,,,,,,,,,,,,,,,,
,,,,Validate time taken to open notebook from text in notebook,,,,,,,,,Paloma HWR Search,,,0:22,,HWR search,,,,,,,,,,0,0.1,0.1,Paloma,,,,,,,,,,,,,,,,,,,,,
,,,,Validate time taken to close notebook launched from text in notebooks (Back to Home),,,,,,,,,Paloma HWR Search,,,0:22,,HWR search,,,,,,,,,,0,0.1,0.1,Paloma,,,,,,,,,,,,,,,,,,,,,
,,,,Verify time to iterator forward,,,,,,,,,Paloma HWR Search,,,0:22,,HWR search,,,,,,,,,,0,0.1,0.1,Paloma,,,,,,,,,,,,,,,,,,,,,
,,,,Verify time to iterator backward,,,,,,,,,Paloma HWR Search,,,0:22,,HWR search,,,,,,,,,,0,0.1,0.1,Paloma,,,,,,,,,,,,,,,,,,,,,
,,,,Verify time to go back to universal search page,,,,,,,,,Paloma HWR Search,,,0:22,,HWR search,,,,,,,,,,0,0.1,0.1,Paloma,,,,,,,,,,,,,,,,,,,,,
,,,,Verify time for stay here to go to notebook view,,,,,,,,,Paloma HWR Search,,,0:22,,HWR search,,,,,,,,,,0,0.1,0.1,Paloma,,,,,,,,,,,,,,,,,,,,,
,,,,Validate time taken to render text in noteboks only view -HWR-1000,,,,,,,,,Paloma HWR Search,,,0:22,,HWR search,,,,,,,,,,0,0.1,0.1,Paloma,,,,,,,,,,,,,,,,,,,,,
,,,,"Validate time taken to display ""notebook only view"" from back -HWR-1000",,,,,,,,,Paloma HWR Search,,,0:22,,HWR search,,,,,,,,,,0,0.1,0.1,Paloma,,,,,,,,,,,,,,,,,,,,,
,,,,Validate time taken to paginate 1x forward in notebook content view (use arrows),,,,,,,,,Paloma HWR Search,,,0:22,,HWR search,,,,,,,,,,0,0.1,0.1,Paloma,,,,,,,,,,,,,,,,,,,,,
,,,,"Validate time taken to paginate 1x backward ""notebook in content view""",,,,,,,,,Paloma HWR Search,,,0:22,,HWR search,,,,,,,,,,0,0.1,0.1,Paloma,,,,,,,,,,,,,,,,,,,,,
,,,,Calvados Q&A,Week_05 J19.2,,,,,,,J19.2 SBR  J19.3 Mainline,,,,,,,,,,,,,,,,,,,,,,,,,,,,,,,,,,,,,,,,
,,,,Case1 - Search query to first token,,,,,,,,,Calvados Q&A,,,0:15,,Q & A,,,,,,,,,,0,0.1,0.1,Calvados,,,,,,,,,,,,,,,,,,,,,
,,,,Case2 - Search query to full answer,,,,,,,,,Calvados Q&A,,,0:15,,Q & A,,,,,,,,,,0,0.1,0.1,Calvados,,,,,,,,,,,,,,,,,,,,,
,,,,Case3 - Search query to Ask your notebook,,,,,,,,,Calvados Q&A,,,0:15,,Q & A,,,,,,,,,,0,0.1,0.1,Calvados,,,,,,,,,,,,,,,,,,,,,
,,,,Case 1 - first related question to first token,,,,,,,,,Calvados Q&A,,,0:30,,Q & A,,,,,,,,,,0,0.1,0.1,Calvados,,,,,,,,,,,,,,,,,,,,,
,,,,Case 2 - first related question to NB Complete answer,,,,,,,,,Calvados Q&A,,,0:30,,Q & A,,,,,,,,,,0,0.1,0.1,Calvados,,,,,,,,,,,,,,,,,,,,,
,,,,Case1 - Search query to first token,,,,,,,,,Calvados Q&A,,,0:15,,Q & A,,,,,,,,,,0,0.1,0.1,Calvados,,,,,,,,,,,,,,,,,,,,,
,,,,Case2 - Search query to full answer,,,,,,,,,Calvados Q&A,,,0:15,,Q & A,,,,,,,,,,0,0.1,0.1,Calvados,,,,,,,,,,,,,,,,,,,,,
,,,,Case3 - Search query to Ask your notebook,,,,,,,,,Calvados Q&A,,,0:15,,Q & A,,,,,,,,,,0,0.1,0.1,Calvados,,,,,,,,,,,,,,,,,,,,,
,,,,Case 1 - first related question to first token,,,,,,,,,Calvados Q&A,,,0:30,,Q & A,,,,,,,,,,0,0.1,0.1,Calvados,,,,,,,,,,,,,,,,,,,,,
,,,,Case 2 - first related question to NB Complete answer,,,,,,,,,Calvados Q&A,,,0:30,,Q & A,,,,,,,,,,0,0.1,0.1,Calvados,,,,,,,,,,,,,,,,,,,,,
,,,,Paloma Q&A,Week_05 J19.2,,,,,,,J19.2 SBR  J19.3 Mainline,,,,,,,,,,,,,,,,,,,,,,,,,,,,,,,,,,,,,,,,
,,,,Case1 - Search query to first token,,,,,,,,,Paloma Q&A,,,0:15,,Q & A,,,,,,,,,,0,0.1,0.1,Paloma,,,,,,,,,,,,,,,,,,,,,
,,,,Case2 - Search query to full answer,,,,,,,,,Paloma Q&A,,,0:15,,Q & A,,,,,,,,,,0,0.1,0.1,Paloma,,,,,,,,,,,,,,,,,,,,,
,,,,Case3 - Search query to Ask your notebook,,,,,,,,,Paloma Q&A,,,0:15,,Q & A,,,,,,,,,,0,0.1,0.1,Paloma,,,,,,,,,,,,,,,,,,,,,
,,,,Case 1 - first related question to first token,,,,,,,,,Paloma Q&A,,,0:30,,Q & A,,,,,,,,,,0,0.1,0.1,Paloma,,,,,,,,,,,,,,,,,,,,,
,,,,Case 2 - first related question to NB Complete answer,,,,,,,,,Paloma Q&A,,,0:30,,Q & A,,,,,,,,,,0,0.1,0.1,Paloma,,,,,,,,,,,,,,,,,,,,,
,,,,Case1 - Search query to first token,,,,,,,,,Paloma Q&A,,,0:15,,Q & A,,,,,,,,,,0,0.1,0.1,Paloma,,,,,,,,,,,,,,,,,,,,,
,,,,Case2 - Search query to full answer,,,,,,,,,Paloma Q&A,,,0:15,,Q & A,,,,,,,,,,0,0.1,0.1,Paloma,,,,,,,,,,,,,,,,,,,,,
,,,,Case3 - Search query to Ask your notebook,,,,,,,,,Paloma Q&A,,,0:15,,Q & A,,,,,,,,,,0,0.1,0.1,Paloma,,,,,,,,,,,,,,,,,,,,,
,,,,Case 1 - first related question to first token,,,,,,,,,Paloma Q&A,,,0:30,,Q & A,,,,,,,,,,0,0.1,0.1,Paloma,,,,,,,,,,,,,,,,,,,,,
,,,,Case 2 - first related question to NB Complete answer,,,,,,,,,Paloma Q&A,,,0:30,,Q & A,,,,,,,,,,0,0.1,0.1,Paloma,,,,,,,,,,,,,,,,,,,,,
,,,,P0 All Devices,Week_05 J19.3,,,,,,,J19.2 SBR  J19.3 Mainline,,,,,,,,,,,,,,,,0,0.1,0.1,,,,,,,,,,,,,,,,,,,,,,
,,,,Wake-up time from suspend - home,,,,,,,,,P0 All Devices,,,0:15,,P0,,,,,,,,,,0,0.1,0.1,Malbec,,,,,,,,,,,,,,,,,,,,,
,,,,Wake-up time from suspend - YJ(with image),,,,,,,,,P0 All Devices,,,0:15,,P0,,,,,,,,,,0,0.1,0.1,Malbec,,,,,,,,,,,,,,,,,,,,,
,,,,Wake-up time from suspend - home,,,,,,,,,P0 All Devices,,,0:15,,P0,,,,,,,,,,0,0.1,0.1,Cava,,,,,,,,,,,,,,,,,,,,,
,,,,Wake-up time from suspend - YJ(with image),,,,,,,,,P0 All Devices,,,0:15,,P0,,,,,,,,,,0,0.1,0.1,Cava,,,,,,,,,,,,,,,,,,,,,
,,,,Wake-up time from suspend - home,,,,,,,,,P0 All Devices,,,0:15,,P0,,,,,,,,,,0,0.1,0.1,Barolo,,,,,,,,,,,,,,,,,,,,,
,,,,Wake-up time from suspend - YJ(with image),,,,,,,,,P0 All Devices,,,0:15,,P0,,,,,,,,,,0,0.1,0.1,Barolo,,,,,,,,,,,,,,,,,,,,,
,,,,Wake-up time from suspend - home,,,,,,,,,P0 All Devices,,,0:15,,P0,,,,,,,,,,0,0.1,0.1,Barolo,,,,,,,,,,,,,,,,,,,,,
,,,,Wake-up time from suspend - YJ(with image),,,,,,,,,P0 All Devices,,,0:15,,P0,,,,,,,,,,0,0.1,0.1,Barolo,,,,,,,,,,,,,,,,,,,,,
,,,,Wake-up time from suspend - home,,,,,,,,,P0 All Devices,,,0:15,,P0,,,,,,,,,,0,0.1,0.1,Rossini,,,,,,,,,,,,,,,,,,,,,
,,,,Wake-up time from suspend - YJ(with image),,,,,,,,,P0 All Devices,,,0:15,,P0,,,,,,,,,,0,0.1,0.1,Rossini,,,,,,,,,,,,,,,,,,,,,
,,,,Wake-up time from suspend - home,,,,,,,,,P0 All Devices,,,0:15,,P0,,,,,,,,,,0,0.1,0.1,Sangria,,,,,,,,,,,,,,,,,,,,,
,,,,Wake-up time from suspend - YJ(with image),,,,,,,,,P0 All Devices,,,0:15,,P0,,,,,,,,,,0,0.1,0.1,Sangria,,,,,,,,,,,,,,,,,,,,,
,,,,Wake-up time from suspend - home,,,,,,,,,P0 All Devices,,,0:15,,P0,,,,,,,,,,0,0.1,0.1,Pisco,,,,,,,,,,,,,,,,,,,,,
,,,,Wake-up time from suspend - YJ(with image),,,,,,,,,P0 All Devices,,,0:15,,P0,,,,,,,,,,0,0.1,0.1,Pisco,,,,,,,,,,,,,,,,,,,,,
,,,,Wake-up time from suspend - home,,,,,,,,,P0 All Devices,,,0:15,,P0,,,,,,,,,,0,0.1,0.1,Seabreeze,,,,,,,,,,,,,,,,,,,,,
,,,,Wake-up time from suspend - YJ(with image),,,,,,,,,P0 All Devices,,,0:15,,P0,,,,,,,,,,0,0.1,0.1,Seabreeze,,,,,,,,,,,,,,,,,,,,,
,,,,[NBW] [With Image] Waking up to reader with b&w image from suspend,,,,,,,,,P0 All Devices,,,0:35,,P0,,,,,,,,,,0,0.1,0.1,Seabreeze,,,,,,,,,,,,,,,,,,,,,
,,,,[Color] Waking up to library from suspend,,,,,,,,,P0 All Devices,,,0:35,,P0,,,,,,,,,,0,0.1,0.1,Seabreeze,,,,,,,,,,,,,,,,,,,,,
,,,,Wake-up time from suspend - home,,,,,,,,,P0 All Devices,,,0:15,,P0,,,,,,,,,,0,0.1,0.1,Gibson,,,,,,,,,,,,,,,,,,,,,
,,,,Wake-up time from suspend - YJ(with image),,,,,,,,,P0 All Devices,,,0:15,,P0,,,,,,,,,,0,0.1,0.1,Gibson,,,,,,,,,,,,,,,,,,,,,
,,,,Wake-up time from suspend - home,,,,,,,,,P0 All Devices,,,0:15,,P0,,,,,,,,,,0,0.1,0.1,Paloma,,,,,,,,,,,,,,,,,,,,,
,,,,Wake-up time from suspend - YJ(with image),,,,,,,,,P0 All Devices,,,0:15,,P0,,,,,,,,,,0,0.1,0.1,Paloma,,,,,,,,,,,,,,,,,,,,,
,,,,Wake-up time from suspend - home,,,,,,,,,P0 All Devices,,,0:15,,P0,,,,,,,,,,0,0.1,0.1,Calvados,,,,,,,,,,,,,,,,,,,,,
,,,,Wake-up time from suspend - YJ(with image),,,,,,,,,P0 All Devices,,,0:15,,P0,,,,,,,,,,0,0.1,0.1,Calvados,,,,,,,,,,,,,,,,,,,,,
,,,,[NBW] [With Image] Waking up to reader with b&w image from suspend,,,,,,,,,P0 All Devices,,,0:35,,P0,,,,,,,,,,0,0.1,0.1,Calvados,,,,,,,,,,,,,,,,,,,,,
,,,,[Color] Waking up to library from suspend,,,,,,,,,P0 All Devices,,,0:35,,P0,,,,,,,,,,0,0.1,0.1,Calvados,,,,,,,,,,,,,,,,,,,,,
,,,,P1 Barolo,Week_05 J19.3,,,,,,,J19.2 SBR  J19.3 Mainline,,,,,,,,,,,,,,,,0,0.1,0.1,,,,,,,,,,,,,,,,,,,,,,
,,,,Time to Launch store from Home (Re-Open)- Wi-Fi,,,,,,,,,P1 Barolo,,,0:10,,P1,,,,,,,,,,0,0.1,0.1,Barolo,,,,,,,,,,,,,,,,,,,,,
,,,,"Time taken in Store – Category of books, next page turn (Cached)",,,,,,,,,P1 Barolo,,,0:10,,P1,,,,,,,,,,0,0.1,0.1,Barolo,,,,,,,,,,,,,,,,,,,,,
,,,,"Time taken in Store – Category of books, prev page turn (Cached)",,,,,,,,,P1 Barolo,,,0:10,,P1,,,,,,,,,,0,0.1,0.1,Barolo,,,,,,,,,,,,,,,,,,,,,
,,,,Time taken to Open the book from the sidekick card,,,,,,,,,P1 Barolo,,,0:10,,P1,,,,,,,,,,0,0.1,0.1,Barolo,,,,,,,,,,,,,,,,,,,,,
,,,,Time taken to launch Home page on clicking Start reading from the Profile picker page. (With cover image loaded),,,,,,,,,P1 Barolo,,,0:10,,P1,,,,,,,,,,0,0.1,0.1,Barolo,,,,,,,,,,,,,,,,,,,,,
,,,,Time to launch browser from home (after reboot),,,,,,,,,P1 Barolo,,,0:30,,P1,,,,,,,,,,0,0.1,0.1,Barolo,,,,,,,,,,,,,,,,,,,,,
,,,,Time to close Browser and return to Home Screen,,,,,,,,,P1 Barolo,,,0:15,,P1,,,,,,,,,,0,0.1,0.1,Barolo,,,,,,,,,,,,,,,,,,,,,
,,,,Time taken to open Browser Settings,,,,,,,,,P1 Barolo,,,0:10,,P1,,,,,,,,,,0,0.1,0.1,Barolo,,,,,,,,,,,,,,,,,,,,,
,,,,Time to switch from eBook to Browser,,,,,,,,,P1 Barolo,,,0:15,,P1,,,,,,,,,,0,0.1,0.1,Barolo,,,,,,,,,,,,,,,,,,,,,
,,,,Time to switch from settings to browser,,,,,,,,,P1 Barolo,,,0:15,,P1,,,,,,,,,,0,0.1,0.1,Barolo,,,,,,,,,,,,,,,,,,,,,
,,,,Time to load browser(amazon.com) from home.,,,,,,,,,P1 Barolo,,,0:15,,P1,,,,,,,,,,0,0.1,0.1,Barolo,,,,,,,,,,,,,,,,,,,,,
,,,,Time it takes to open a standalone notebook in Grid view.,,,,,,,,,P1 Barolo,,,0:25,,P1,,,,,,,,,,0,0.1,0.1,Barolo,,,,,,,,,,,,,,,,,,,,,
,,,,Time it takes to close a standalone notebook in Grid view.,,,,,,,,,P1 Barolo,,,0:25,,P1,,,,,,,,,,0,0.1,0.1,Barolo,,,,,,,,,,,,,,,,,,,,,
,,,,Time it takes to download a standalone notebook - Grid view,,,,,,,,,P1 Barolo,,,0:25,,P1,,,,,,,,,,0,0.1,0.1,Barolo,,,,,,,,,,,,,,,,,,,,,
,,,,"Customer adds a converted 15page summarized notebook ""Add as first page ""-70 Words - Summarize - Existing",,,,,,,,,P1 Barolo,,,0:20,,P1,,,,,,,,,,0,0.1,0.1,Barolo,,,,,,,,,,,,,,,,,,,,,
,,,,"Customer adds a converted 10 page summarized notebook ""Add as first page ""-70 Words - Refine - Existing",,,,,,,,,P1 Barolo,,,0:20,,P1,,,,,,,,,,0,0.1,0.1,Barolo,,,,,,,,,,,,,,,,,,,,,
,,,,Open existing notebook with summarized text 5 page - 160 W,,,,,,,,,P1 Barolo,,,0:10,,P1,,,,,,,,,,0,0.1,0.1,Barolo,,,,,,,,,,,,,,,,,,,,,
,,,,Previous page turn with summarized text 5 page- 160 W,,,,,,,,,P1 Barolo,,,0:10,,P1,,,,,,,,,,0,0.1,0.1,Barolo,,,,,,,,,,,,,,,,,,,,,
,,,,Next page turn with summarized text 5 page - 160 W,,,,,,,,,P1 Barolo,,,0:10,,P1,,,,,,,,,,0,0.1,0.1,Barolo,,,,,,,,,,,,,,,,,,,,,
,,,,Close notebook with summarized text 5 page - 160 W,,,,,,,,,P1 Barolo,,,0:10,,P1,,,,,,,,,,0,0.1,0.1,Barolo,,,,,,,,,,,,,,,,,,,,,
,,,,Download an notebook with summarized text of 15 pages and 160 words,,,,,,,,,P1 Barolo,,,0:15,,P1,,,,,,,,,,0,0.1,0.1,Barolo,,,,,,,,,,,,,,,,,,,,,
,,,,First time open after download with summarized text of 15 pages and 160 words,,,,,,,,,P1 Barolo,,,0:15,,P1,,,,,,,,,,0,0.1,0.1,Barolo,,,,,,,,,,,,,,,,,,,,,
,,,,Launch BEV with summarized text of 50 pages with 160 words in each page,,,,,,,,,P1 Barolo,,,0:10,,P1,,,,,,,,,,0,0.1,0.1,Barolo,,,,,,,,,,,,,,,,,,,,,
,,,,Exit BEV with summarized text of 50 pages with 160 words in each page,,,,,,,,,P1 Barolo,,,0:10,,P1,,,,,,,,,,0,0.1,0.1,Barolo,,,,,,,,,,,,,,,,,,,,,
,,,,Change template in BEV with summarized text of 50 pages with 160 words in each page - All pages,,,,,,,,,P1 Barolo,,,0:10,,P1,,,,,,,,,,0,0.1,0.1,Barolo,,,,,,,,,,,,,,,,,,,,,
,,,,Share entire notebook with summarized text of 50 pages with 70 words in each page - Send S3 Bucket,,,,,,,,,P1 Barolo,,,0:15,,P1,,,,,,,,,,0,0.1,0.1,Barolo,,,,,,,,,,,,,,,,,,,,,
,,,,Share entire notebook after Refined text of 50 pages with 70 words in each page - Send S3 Bucket,,,,,,,,,P1 Barolo,,,0:15,,P1,,,,,,,,,,0,0.1,0.1,Barolo,,,,,,,,,,,,,,,,,,,,,
,,,,Time to launch GRoK and land on Profile page (cold)(After all cover image),,,,,,,,,P1 Barolo,,,0:15,,P1,,,,,,,,,,0,0.1,0.1,Barolo,,,,,,,,,,,,,,,,,,,,,
,,,,Time to launch GRoK and land on Profile page (warm),,,,,,,,,P1 Barolo,,,0:15,,P1,,,,,,,,,,0,0.1,0.1,Barolo,,,,,,,,,,,,,,,,,,,,,
,,,,YJ Reader – Next page turn with double tap,,,,,,,,,P1 Barolo,,,0:25,,P1,,,,,,,,,,0,0.1,0.1,Barolo,,,,,,,,,,,,,,,,,,,,,
,,,,YJ children’s book (Landscape view) – Next page turn with double tap,,,,,,,,,P1 Barolo,,,0:25,,P1,,,,,,,,,,0,0.1,0.1,Barolo,,,,,,,,,,,,,,,,,,,,,
,,,,Home – Next page turn with double tap,,,,,,,,,P1 Barolo,,,0:10,,P1,,,,,,,,,,0,0.1,0.1,Barolo,,,,,,,,,,,,,,,,,,,,,
,,,,Library – Next page turn with double tap,,,,,,,,,P1 Barolo,,,0:35,,P1,,,,,,,,,,0,0.1,0.1,Barolo,,,,,,,,,,,,,,,,,,,,,
,,,,Settings -> Wi-Fi -Scroll down with double tap,,,,,,,,,P1 Barolo,,,0:35,,P1,,,,,,,,,,0,0.1,0.1,Barolo,,,,,,,,,,,,,,,,,,,,,
,,,,insert at front to notebook,,,,,,,,,P1 Barolo,,,0:35,,P1,,,,,,,,,,0,0.1,0.1,Barolo,,,,,,,,,,,,,,,,,,,,,
,,,,insert at Last to notebook,,,,,,,,,P1 Barolo,,,0:35,,P1,,,,,,,,,,0,0.1,0.1,Barolo,,,,,,,,,,,,,,,,,,,,,
,,,,"Measure the font settlement in preview switch from line spacing ""Narrow to Wide""",,,,,,,,,P1 Barolo,,,0:35,,P1,,,,,,,,,,0,0.1,0.1,Barolo,,,,,,,,,,,,,,,,,,,,,
,,,,Time taken to open Browser Settings,,,,,,,,,P1 Barolo,,,0:15,,P1,,,,,,,,,,0,0.1,0.1,Barolo,,,,,,,,,,,,,,,,,,,,,
,,,,Time to switch from settings to browser,,,,,,,,,P1 Barolo,,,0:10,,P1,,,,,,,,,,0,0.1,0.1,Barolo,,,,,,,,,,,,,,,,,,,,,
,,,,Settings -> Wi-Fi -Scroll down with double tap,,,,,,,,,P1 Barolo,,,0:35,,P1,,,,,,,,,,0,0.1,0.1,Barolo,,,,,,,,,,,,,,,,,,,,,
,,,,Quick action page.,,,,,,,,,P1 Barolo,,,0:20,,P1,,,,,,,,,,0,0.1,0.1,Barolo,,,,,,,,,,,,,,,,,,,,,
,,,,Time taken to open Browser Settings,,,,,,,,,P1 Barolo,,,0:10,,P1,,,,,,,,,,0,0.1,0.1,Barolo,,,,,,,,,,,,,,,,,,,,,
,,,,Time to switch from settings to browser,,,,,,,,,P1 Barolo,,,0:15,,P1,,,,,,,,,,0,0.1,0.1,Barolo,,,,,,,,,,,,,,,,,,,,,
,,,,Settings -> Wi-Fi -Scroll down with double tap,,,,,,,,,P1 Barolo,,,0:35,,P1,,,,,,,,,,0,0.1,0.1,Barolo,,,,,,,,,,,,,,,,,,,,,
,,,,Quick action page.,,,,,,,,,P1 Barolo,,,0:10,,P1,,,,,,,,,,0,0.1,0.1,Barolo,,,,,,,,,,,,,,,,,,,,,
,,,,P2 Seabreeze,Week_05 J19.3,,,,,,,J19.2 SBR  J19.3 Mainline,,,,,,,,,,,,,,,,0,0.1,0.1,,,,,,,,,,,,,,,,,,,,,,
,,,,Open the cover with Hall sensor - Wakeup time - T2 - YJ(with out DTCP),,,,,,,,,P2 Seabreeze,,,0:20,,P2,,,,,,,,,,0,0.1,0.1,Seabreeze,,,,,,,,,,,,,,,,,,,,,
,,,,Time to launch GRoK and land on updates page (warm),,,,,,,,,P2 Seabreeze,,,0:20,,P2,,,,,,,,,,0,0.1,0.1,Seabreeze,,,,,,,,,,,,,,,,,,,,,
,,,,BT Connect dialogue pop up- Precondition to turn on BT,,,,,,,,,P2 Seabreeze,,,0:10,,P2,,,,,,,,,,0,0.1,0.1,Seabreeze,,,,,,,,,,,,,,,,,,,,,
,,,,Time for scanned BT devices to appear in BT Connect dialogue,,,,,,,,,P2 Seabreeze,,,0:10,,P2,,,,,,,,,,0,0.1,0.1,Seabreeze,,,,,,,,,,,,,,,,,,,,,
,,,,Time to connect to BT device for the first time- before scan cycle completes,,,,,,,,,P2 Seabreeze,,,0:10,,P2,,,,,,,,,,0,0.1,0.1,Seabreeze,,,,,,,,,,,,,,,,,,,,,
,,,,Re-connect after suspend,,,,,,,,,P2 Seabreeze,,,0:30,,P2,,,,,,,,,,0,0.1,0.1,Seabreeze,,,,,,,,,,,,,,,,,,,,,
,,,,Quick Actions: Turning ON BT,,,,,,,,,P2 Seabreeze,,,0:10,,P2,,,,,,,,,,0,0.1,0.1,Seabreeze,,,,,,,,,,,,,,,,,,,,,
,,,,Quick Actions: Turning OFF BT,,,,,,,,,P2 Seabreeze,,,0:15,,P2,,,,,,,,,,0,0.1,0.1,Seabreeze,,,,,,,,,,,,,,,,,,,,,
,,,,Re-connect to a previously paired BT device,,,,,,,,,P2 Seabreeze,,,0:15,,P2,,,,,,,,,,0,0.1,0.1,Seabreeze,,,,,,,,,,,,,,,,,,,,,
,,,,Re-connect after turning BT off from  Quick Actions,,,,,,,,,P2 Seabreeze,,,0:15,,P2,,,,,,,,,,0,0.1,0.1,Seabreeze,,,,,,,,,,,,,,,,,,,,,
,,,,Wake-up time from suspend to Active DTCP page,,,,,,,,,P2 Seabreeze,,,0:20,,P2,,,,,,,,,,0,0.1,0.1,Seabreeze,,,,,,,,,,,,,,,,,,,,,
,,,,Time to Launch store for first time,,,,,,,,,P2 Seabreeze,,,0:20,,P2,,,,,,,,,,0,0.1,0.1,Seabreeze,,,,,,,,,,,,,,,,,,,,,
,,,,"Time taken to launch Tutorial page when ""start reading"" is clicked in Profile Picker Page",,,,,,,,,P2 Seabreeze,,,0:10,,P2,,,,,,,,,,0,0.1,0.1,Seabreeze,,,,,,,,,,,,,,,,,,,,,
,,,,"Time taken to load the ""start reading "" page after clicking done in tutorial page",,,,,,,,,P2 Seabreeze,,,0:10,,P2,,,,,,,,,,0,0.1,0.1,Seabreeze,,,,,,,,,,,,,,,,,,,,,
,,,,Time taken to load Home screen with cards when start reading is clicked in welcome note in Home page (With cover image loaded),,,,,,,,,P2 Seabreeze,,,0:10,,P2,,,,,,,,,,0,0.1,0.1,Seabreeze,,,,,,,,,,,,,,,,,,,,,
,,,,Time taken to load home page from different page i.e. from recent,,,,,,,,,P2 Seabreeze,,,0:10,,P2,,,,,,,,,,0,0.1,0.1,Seabreeze,,,,,,,,,,,,,,,,,,,,,
,,,,Time to switch from browser to ebook,,,,,,,,,P2 Seabreeze,,,0:10,,P2,,,,,,,,,,0,0.1,0.1,Seabreeze,,,,,,,,,,,,,,,,,,,,,
,,,,Inside kids -> YJ reader -> Next page turn with double tap,,,,,,,,,P2 Seabreeze,,,0:35,,P2,,,,,,,,,,0,0.1,0.1,Seabreeze,,,,,,,,,,,,,,,,,,,,,
,,,,Inside kids -> Home ->Next page turn with double tap,,,,,,,,,P2 Seabreeze,,,0:35,,P2,,,,,,,,,,0,0.1,0.1,Seabreeze,,,,,,,,,,,,,,,,,,,,,
,,,,Inside kids -> Library -> Next page turn with double tap,,,,,,,,,P2 Seabreeze,,,0:35,,P2,,,,,,,,,,0,0.1,0.1,Seabreeze,,,,,,,,,,,,,,,,,,,,,
,,,,BT Connect dialogue pop up- Precondition to turn on BT,,,,,,,,,P2 Seabreeze,,,0:10,,P2,,,,,,,,,,0,0.1,0.1,Seabreeze,,,,,,,,,,,,,,,,,,,,,
,,,,Quick Actions: Turning ON BT,,,,,,,,,P2 Seabreeze,,,0:10,,P2,,,,,,,,,,0,0.1,0.1,Seabreeze,,,,,,,,,,,,,,,,,,,,,
,,,,Quick Actions: Turning OFF BT,,,,,,,,,P2 Seabreeze,,,0:15,,P2,,,,,,,,,,0,0.1,0.1,Seabreeze,,,,,,,,,,,,,,,,,,,,,
,,,,P3 Rossini,Week_05 J19.3,,,,,,,J19.2 SBR  J19.3 Mainline,,,,,,,,,,,,,,,,0,0.1,0.1,,,,,,,,,,,,,,,,,,,,,,
,,,,d. To Home screen ( Device Password to Home after T2),,,,,,,,,P3 Rossini,,,0:15,,P3,,,,,,,,,,0,0.1,0.1,Rossini,,,,,,,,,,,,,,,,,,,,,
,,,,Time taken to scan (Disabled),,,,,,,,,P3 Rossini,,,0:25,,P3,,,,,,,,,,0,0.1,0.1,Rossini,,,,,,,,,,,,,,,,,,,,,
,,,,Time taken to connect (WEP),,,,,,,,,P3 Rossini,,,0:25,,P3,,,,,,,,,,0,0.1,0.1,Rossini,,,,,,,,,,,,,,,,,,,,,
,,,,Time taken to Re-connect after Turn OFF/ON Wireless (WPA2-TKIP +AES),,,,,,,,,P3 Rossini,,,0:25,,P3,,,,,,,,,,0,0.1,0.1,Rossini,,,,,,,,,,,,,,,,,,,,,
,,,,60 sec download in WiFi (WPA2-AES) - 1.5 Mbps - 3 MB book,,,,,,,,,P3 Rossini,,,0:25,,P3,,,,,,,,,,0,0.1,0.1,Rossini,,,,,,,,,,,,,,,,,,,,,
,,,,ASR Gesture to confirmation audio in BT device (new paired device),,,,,,,,,P3 Rossini,,,0:20,,P3,,,,,,,,,,0,0.1,0.1,Rossini,,,,,,,,,,,,,,,,,,,,,
,,,,Confirmation gesture to Voice view activated audio in BT device,,,,,,,,,P3 Rossini,,,0:20,,P3,,,,,,,,,,0,0.1,0.1,Rossini,,,,,,,,,,,,,,,,,,,,,
,,,,(BT is OFF) ASR Gesture to connected tone in BT device (already paired device),,,,,,,,,P3 Rossini,,,0:25,,P3,,,,,,,,,,0,0.1,0.1,Rossini,,,,,,,,,,,,,,,,,,,,,
,,,,Wakeup from suspend to connected tone (already paired device),,,,,,,,,P3 Rossini,,,0:30,,P3,,,,,,,,,,0,0.1,0.1,Rossini,,,,,,,,,,,,,,,,,,,,,
,,,,Time taken to switch between Smaller size (1X) to Larger size (1.5 X) from settings page,,,,,,,,,P3 Rossini,,,0:10,,P3,,,,,,,,,,0,0.1,0.1,Rossini,,,,,,,,,,,,,,,,,,,,,
,,,,Browser -> Wikipedia Next page turn( for large content ) with double tap,,,,,,,,,P3 Rossini,,,0:35,,P3,,,,,,,,,,0,0.1,0.1,Rossini,,,,,,,,,,,,,,,,,,,,,
,,,,Search summary page -> Next page turn with double tap,,,,,,,,,P3 Rossini,,,0:35,,P3,,,,,,,,,,0,0.1,0.1,Rossini,,,,,,,,,,,,,,,,,,,,,
,,,,Validate latency to open book.,,,,,,,,,P3 Rossini,,,0:20,,P3,,,,,,,,,,0,0.1,0.1,Rossini,,,,,,,,,,,,,,,,,,,,,
,,,,Validate latency to close the book by reverse L gesture,,,,,,,,,P3 Rossini,,,0:20,,P3,,,,,,,,,,0,0.1,0.1,Rossini,,,,,,,,,,,,,,,,,,,,,
,,,,Time taken to switch between 1X size to 2X size from settings page,,,,,,,,,P3 Rossini,,,0:10,,P3,,,,,,,,,,0,0.1,0.1,Rossini,,,,,,,,,,,,,,,,,,,,,
,,,,Time taken to switch between 1.5X size to 2X size from settings page,,,,,,,,,P3 Rossini,,,0:10,,P3,,,,,,,,,,0,0.1,0.1,Rossini,,,,,,,,,,,,,,,,,,,,,
,,,,OOBE Calvados Standard,Week_05 J19.3,,,,,,,J19.2 SBR  J19.3 Mainline,,,,,,,,,,,,,,,,0,0.1,0.1,,,,,,,,,,,,,,,,,,,,,,
,,,,Decanter OOBE - Time taken to load Kindle brand screen when power button is pressed.,,,,,,,,,OOBE Calvados Standard,,,0:30,,OOBE,,,,,,,,,,0,0.1,0.1,Calvados,,,,,,,,,,,,,,,,,,,,,
,,,,Decanter OOBE - Time taken to load language picker screen from kindle brand screen,,,,,,,,,OOBE Calvados Standard,,,0:30,,OOBE,,,,,,,,,,0,0.1,0.1,Calvados,,,,,,,,,,,,,,,,,,,,,
,,,,Decanter OOBE - Time taken to load Region picker screen from Language picker screen,,,,,,,,,OOBE Calvados Standard,,,0:30,,OOBE,,,,,,,,,,0,0.1,0.1,Calvados,,,,,,,,,,,,,,,,,,,,,
,,,,Decanter OOBE - Time taken to load SW loading screen from region picker page (When 'Next' button is clicked on region picker page),,,,,,,,,OOBE Calvados Standard,,,0:30,,OOBE,,,,,,,,,,0,0.1,0.1,Calvados,,,,,,,,,,,,,,,,,,,,,
,,,,Decanter OOBE - Time taken to complete SW load.,,,,,,,,,OOBE Calvados Standard,,,0:30,,OOBE,,,,,,,,,,0,0.1,0.1,Calvados,,,,,,,,,,,,,,,,,,,,,
,,,,Decanter OOBE - Time taken to load FFS welcome page.,,,,,,,,,OOBE Calvados Standard,,,1:00,,OOBE,,,,,,,,,,0,0.1,0.1,Calvados,,,,,,,,,,,,,,,,,,,,,
,,,,Decanter OOBE - Time taken to load 'Hello screen' from s/w load screen.,,,,,,,,,OOBE Calvados Standard,,,0:30,,OOBE,,,,,,,,,,0,0.1,0.1,Calvados,,,,,,,,,,,,,,,,,,,,,
,,,,Decanter OOBE - Time taken to load 'WiFi screen' from s/w load screen.,,,,,,,,,OOBE Calvados Standard,,,0:30,,OOBE,,,,,,,,,,0,0.1,0.1,Calvados,,,,,,,,,,,,,,,,,,,,,
,,,,Decanter OOBE - Time taken to load WiFi set-up screen when 'Set Up without App' button is selected in Hello screen,,,,,,,,,OOBE Calvados Standard,,,0:30,,OOBE,,,,,,,,,,0,0.1,0.1,Calvados,,,,,,,,,,,,,,,,,,,,,
,,,,Decanter OOBE - Time taken to load 'Registration' screen when 'Next' button is clicked in WiFi set-up screen.,,,,,,,,,OOBE Calvados Standard,,,0:30,,OOBE,,,,,,,,,,0,0.1,0.1,Calvados,,,,,,,,,,,,,,,,,,,,,
,,,,Decanter OOBE - Time taken to load 'Welcome' screen from Registration screen.,,,,,,,,,OOBE Calvados Standard,,,0:30,,OOBE,,,,,,,,,,0,0.1,0.1,Calvados,,,,,,,,,,,,,,,,,,,,,
,,,,Decanter OOBE - Time taken to load 'Goodreads sign-in / Sign-up' page from 'Get the Kindle App' screen,,,,,,,,,OOBE Calvados Standard,,,0:30,,OOBE,,,,,,,,,,0,0.1,0.1,Calvados,,,,,,,,,,,,,,,,,,,,,
,,,,Decanter OOBE - Time taken to load Prime 'Upsell' page from  'Get the Kindle App' screen,,,,,,,,,OOBE Calvados Standard,,,0:50,,OOBE,,,,,,,,,,0,0.1,0.1,Calvados,,,,,,,,,,,,,,,,,,,,,
,,,,Decanter OOBE - Time taken to load KU 'Upsell' page from  'Get the Kindle App' screen,,,,,,,,,OOBE Calvados Standard,,,0:50,,OOBE,,,,,,,,,,0,0.1,0.1,Calvados,,,,,,,,,,,,,,,,,,,,,
,,,,Decanter OOBE - Time taken to load Audible 'Upsell' page from  'Get the Kindle App' screen.,,,,,,,,,OOBE Calvados Standard,,,0:50,,OOBE,,,,,,,,,,0,0.1,0.1,Calvados,,,,,,,,,,,,,,,,,,,,,
,,,,Decanter OOBE - Time taken to load 'Get the Kindle App' page.,,,,,,,,,OOBE Calvados Standard,,,0:00,,OOBE,,,,,,,,,,0,0.1,0.1,Calvados,,,,,,,,,,,,,,,,,,,,,
,,,,Decanter OOBE - Time taken to show numbers keyboard modal when phone number field is clicked.,,,,,,,,,OOBE Calvados Standard,,,0:00,,OOBE,,,,,,,,,,0,0.1,0.1,Calvados,,,,,,,,,,,,,,,,,,,,,
,,,,Decanter OOBE - Time taken to load kindle app 'Connected' page after Kindle App is paired with device,,,,,,,,,OOBE Calvados Standard,,,0:50,,OOBE,,,,,,,,,,0,0.1,0.1,Calvados,,,,,,,,,,,,,,,,,,,,,
,,,,Decanter OOBE - Time taken to load 'Email-less Sign in Registration' screen when 'Next' button is clicked in WiFi screen.,,,,,,,,,OOBE Calvados Standard,,,0:50,,OOBE,,,,,,,,,,0,0.1,0.1,Calvados,,,,,,,,,,,,,,,,,,,,,
,,,,Decanter OOBE - Time taken to load 'Create New Account' confirmation dialog  from goodreads page.,,,,,,,,,OOBE Calvados Standard,,,0:30,,OOBE,,,,,,,,,,0,0.1,0.1,Calvados,,,,,,,,,,,,,,,,,,,,,
,,,,Decanter OOBE - Time taken to load 'Sign In to GoodReads' page  from goodreads page.,,,,,,,,,OOBE Calvados Standard,,,0:30,,OOBE,,,,,,,,,,0,0.1,0.1,Calvados,,,,,,,,,,,,,,,,,,,,,
,,,,Decanter OOBE - Time taken to load next page when 'Start your 30 day Prime FREE Trial' button is clicked on Prime 'Upsell' page.,,,,,,,,,OOBE Calvados Standard,,,1:00,,OOBE,,,,,,,,,,0,0.1,0.1,Calvados,,,,,,,,,,,,,,,,,,,,,
,,,,Decanter OOBE - Time taken to load next page when 'Join Kindle Unlimited' button is clicked on KU 'Upsell' page.,,,,,,,,,OOBE Calvados Standard,,,1:00,,OOBE,,,,,,,,,,0,0.1,0.1,Calvados,,,,,,,,,,,,,,,,,,,,,
,,,,Decanter OOBE - Time taken to load Audible upsell page from KU Upsell page,,,,,,,,,OOBE Calvados Standard,,,0:50,,OOBE,,,,,,,,,,0,0.1,0.1,Calvados,,,,,,,,,,,,,,,,,,,,,
,,,,Decanter OOBE - Time taken to load Prime upsell page from Audible 'Upsell' page,,,,,,,,,OOBE Calvados Standard,,,0:50,,OOBE,,,,,,,,,,0,0.1,0.1,Calvados,,,,,,,,,,,,,,,,,,,,,
,,,,Decanter OOBE - Time taken to load 'Two Step Verification' page from registration page,,,,,,,,,OOBE Calvados Standard,,,0:40,,OOBE,,,,,,,,,,0,0.1,0.1,Calvados,,,,,,,,,,,,,,,,,,,,,
,,,,Decanter OOBE - Time taken to load 'Send verification code' page from 'Two Step Verification' page,,,,,,,,,OOBE Calvados Standard,,,0:40,,OOBE,,,,,,,,,,0,0.1,0.1,Calvados,,,,,,,,,,,,,,,,,,,,,
,,,,Decanter OOBE - Time taken to load 'Verify Account' page from registration page.,,,,,,,,,OOBE Calvados Standard,,,0:40,,OOBE,,,,,,,,,,0,0.1,0.1,Calvados,,,,,,,,,,,,,,,,,,,,,
,,,,Decanter OOBE - Time taken to display code when 'Create code' is clicked.,,,,,,,,,OOBE Calvados Standard,,,0:40,,OOBE,,,,,,,,,,0,0.1,0.1,Calvados,,,,,,,,,,,,,,,,,,,,,
,,,,Decanter OOBE - Time taken to load 'Create a New Account: Country selector' screen.,,,,,,,,,OOBE Calvados Standard,,,0:30,,OOBE,,,,,,,,,,0,0.1,0.1,Calvados,,,,,,,,,,,,,,,,,,,,,
,,,,"Decanter OOBE - Time taken to load 'Create an Amazon account"" page.",,,,,,,,,OOBE Calvados Standard,,,0:30,,OOBE,,,,,,,,,,0,0.1,0.1,Calvados,,,,,,,,,,,,,,,,,,,,,
,,,,Decanter OOBE - Time taken to launch keyboard in 'Create an Amazon account' page.,,,,,,,,,OOBE Calvados Standard,,,0:30,,OOBE,,,,,,,,,,0,0.1,0.1,Calvados,,,,,,,,,,,,,,,,,,,,,
,,,,Decanter OOBE - Time taken to load 'Add a payment method' page.,,,,,,,,,OOBE Calvados Standard,,,0:30,,OOBE,,,,,,,,,,0,0.1,0.1,Calvados,,,,,,,,,,,,,,,,,,,,,
,,,,Decanter OOBE - Time taken to launch keyboard in 'Add a payment method' page.,,,,,,,,,OOBE Calvados Standard,,,0:30,,OOBE,,,,,,,,,,0,0.1,0.1,Calvados,,,,,,,,,,,,,,,,,,,,,
,,,,Decanter OOBE - Time taken to load 'Billing address' page.,,,,,,,,,OOBE Calvados Standard,,,0:30,,OOBE,,,,,,,,,,0,0.1,0.1,Calvados,,,,,,,,,,,,,,,,,,,,,
,,,,Decanter OOBE - Time taken to launch keyboard in 'Billing address' page.,,,,,,,,,OOBE Calvados Standard,,,0:30,,OOBE,,,,,,,,,,0,0.1,0.1,Calvados,,,,,,,,,,,,,,,,,,,,,
,,,,OOBE Seabreeze Standard,Week_05 J19.3,,,,,,,J19.2 SBR  J19.3 Mainline,,,,,,,,,,,,,,,,0,0.1,0.1,,,,,,,,,,,,,,,,,,,,,,
,,,,Decanter OOBE - Time taken to load Kindle brand screen when power button is pressed.,,,,,,,,,OOBE Seabreeze Standard,,,0:30,,OOBE,,,,,,,,,,0,0.1,0.1,Seabreeze,,,,,,,,,,,,,,,,,,,,,
,,,,Decanter OOBE - Time taken to load language picker screen from kindle brand screen,,,,,,,,,OOBE Seabreeze Standard,,,0:30,,OOBE,,,,,,,,,,0,0.1,0.1,Seabreeze,,,,,,,,,,,,,,,,,,,,,
,,,,Decanter OOBE - Time taken to load Region picker screen from Language picker screen,,,,,,,,,OOBE Seabreeze Standard,,,0:30,,OOBE,,,,,,,,,,0,0.1,0.1,Seabreeze,,,,,,,,,,,,,,,,,,,,,
,,,,Decanter OOBE - Time taken to load SW loading screen from region picker page (When 'Next' button is clicked on region picker page),,,,,,,,,OOBE Seabreeze Standard,,,0:30,,OOBE,,,,,,,,,,0,0.1,0.1,Seabreeze,,,,,,,,,,,,,,,,,,,,,
,,,,Decanter OOBE - Time taken to complete SW load.,,,,,,,,,OOBE Seabreeze Standard,,,0:30,,OOBE,,,,,,,,,,0,0.1,0.1,Seabreeze,,,,,,,,,,,,,,,,,,,,,
,,,,Decanter OOBE - Time taken to load FFS welcome page.,,,,,,,,,OOBE Seabreeze Standard,,,1:00,,OOBE,,,,,,,,,,0,0.1,0.1,Seabreeze,,,,,,,,,,,,,,,,,,,,,
,,,,Decanter OOBE - Time taken to load 'Hello screen' from s/w load screen.,,,,,,,,,OOBE Seabreeze Standard,,,0:30,,OOBE,,,,,,,,,,0,0.1,0.1,Seabreeze,,,,,,,,,,,,,,,,,,,,,
,,,,Decanter OOBE - Time taken to load 'WiFi screen' from s/w load screen.,,,,,,,,,OOBE Seabreeze Standard,,,0:30,,OOBE,,,,,,,,,,0,0.1,0.1,Seabreeze,,,,,,,,,,,,,,,,,,,,,
,,,,Decanter OOBE - Time taken to load WiFi set-up screen when 'Set Up without App' button is selected in Hello screen,,,,,,,,,OOBE Seabreeze Standard,,,0:30,,OOBE,,,,,,,,,,0,0.1,0.1,Seabreeze,,,,,,,,,,,,,,,,,,,,,
,,,,Decanter OOBE - Time taken to load 'Registration' screen when 'Next' button is clicked in WiFi set-up screen.,,,,,,,,,OOBE Seabreeze Standard,,,0:30,,OOBE,,,,,,,,,,0,0.1,0.1,Seabreeze,,,,,,,,,,,,,,,,,,,,,
,,,,Decanter OOBE - Time taken to load 'Welcome' screen from Registration screen.,,,,,,,,,OOBE Seabreeze Standard,,,0:30,,OOBE,,,,,,,,,,0,0.1,0.1,Seabreeze,,,,,,,,,,,,,,,,,,,,,
,,,,Decanter OOBE - Time taken to load 'Goodreads sign-in / Sign-up' page from 'Get the Kindle App' screen,,,,,,,,,OOBE Seabreeze Standard,,,0:30,,OOBE,,,,,,,,,,0,0.1,0.1,Seabreeze,,,,,,,,,,,,,,,,,,,,,
,,,,Decanter OOBE - Time taken to load Prime 'Upsell' page from  'Get the Kindle App' screen,,,,,,,,,OOBE Seabreeze Standard,,,0:50,,OOBE,,,,,,,,,,0,0.1,0.1,Seabreeze,,,,,,,,,,,,,,,,,,,,,
,,,,Decanter OOBE - Time taken to load KU 'Upsell' page from  'Get the Kindle App' screen,,,,,,,,,OOBE Seabreeze Standard,,,0:50,,OOBE,,,,,,,,,,0,0.1,0.1,Seabreeze,,,,,,,,,,,,,,,,,,,,,
,,,,Decanter OOBE - Time taken to load Audible 'Upsell' page from  'Get the Kindle App' screen.,,,,,,,,,OOBE Seabreeze Standard,,,0:50,,OOBE,,,,,,,,,,0,0.1,0.1,Seabreeze,,,,,,,,,,,,,,,,,,,,,
,,,,Decanter OOBE - Time taken to load 'Get the Kindle App' page.,,,,,,,,,OOBE Seabreeze Standard,,,0:00,,OOBE,,,,,,,,,,0,0.1,0.1,Seabreeze,,,,,,,,,,,,,,,,,,,,,
,,,,Decanter OOBE - Time taken to show numbers keyboard modal when phone number field is clicked.,,,,,,,,,OOBE Seabreeze Standard,,,0:00,,OOBE,,,,,,,,,,0,0.1,0.1,Seabreeze,,,,,,,,,,,,,,,,,,,,,
,,,,Decanter OOBE - Time taken to load kindle app 'Connected' page after Kindle App is paired with device,,,,,,,,,OOBE Seabreeze Standard,,,0:50,,OOBE,,,,,,,,,,0,0.1,0.1,Seabreeze,,,,,,,,,,,,,,,,,,,,,
,,,,Decanter OOBE - Time taken to load 'Email-less Sign in Registration' screen when 'Next' button is clicked in WiFi screen.,,,,,,,,,OOBE Seabreeze Standard,,,0:50,,OOBE,,,,,,,,,,0,0.1,0.1,Seabreeze,,,,,,,,,,,,,,,,,,,,,
,,,,Decanter OOBE - Time taken to load 'Create New Account' confirmation dialog  from goodreads page.,,,,,,,,,OOBE Seabreeze Standard,,,0:30,,OOBE,,,,,,,,,,0,0.1,0.1,Seabreeze,,,,,,,,,,,,,,,,,,,,,
,,,,Decanter OOBE - Time taken to load 'Sign In to GoodReads' page  from goodreads page.,,,,,,,,,OOBE Seabreeze Standard,,,0:30,,OOBE,,,,,,,,,,0,0.1,0.1,Seabreeze,,,,,,,,,,,,,,,,,,,,,
,,,,Decanter OOBE - Time taken to load next page when 'Start your 30 day Prime FREE Trial' button is clicked on Prime 'Upsell' page.,,,,,,,,,OOBE Seabreeze Standard,,,1:00,,OOBE,,,,,,,,,,0,0.1,0.1,Seabreeze,,,,,,,,,,,,,,,,,,,,,
,,,,Decanter OOBE - Time taken to load next page when 'Join Kindle Unlimited' button is clicked on KU 'Upsell' page.,,,,,,,,,OOBE Seabreeze Standard,,,1:00,,OOBE,,,,,,,,,,0,0.1,0.1,Seabreeze,,,,,,,,,,,,,,,,,,,,,
,,,,Decanter OOBE - Time taken to load Audible upsell page from KU Upsell page,,,,,,,,,OOBE Seabreeze Standard,,,0:50,,OOBE,,,,,,,,,,0,0.1,0.1,Seabreeze,,,,,,,,,,,,,,,,,,,,,
,,,,Decanter OOBE - Time taken to load Prime upsell page from Audible 'Upsell' page,,,,,,,,,OOBE Seabreeze Standard,,,0:50,,OOBE,,,,,,,,,,0,0.1,0.1,Seabreeze,,,,,,,,,,,,,,,,,,,,,
,,,,Decanter OOBE - Time taken to load 'Two Step Verification' page from registration page,,,,,,,,,OOBE Seabreeze Standard,,,0:40,,OOBE,,,,,,,,,,0,0.1,0.1,Seabreeze,,,,,,,,,,,,,,,,,,,,,
,,,,Decanter OOBE - Time taken to load 'Send verification code' page from 'Two Step Verification' page,,,,,,,,,OOBE Seabreeze Standard,,,0:40,,OOBE,,,,,,,,,,0,0.1,0.1,Seabreeze,,,,,,,,,,,,,,,,,,,,,
,,,,Decanter OOBE - Time taken to load 'Verify Account' page from registration page.,,,,,,,,,OOBE Seabreeze Standard,,,0:40,,OOBE,,,,,,,,,,0,0.1,0.1,Seabreeze,,,,,,,,,,,,,,,,,,,,,
,,,,Decanter OOBE - Time taken to display code when 'Create code' is clicked.,,,,,,,,,OOBE Seabreeze Standard,,,0:40,,OOBE,,,,,,,,,,0,0.1,0.1,Seabreeze,,,,,,,,,,,,,,,,,,,,,
,,,,Decanter OOBE - Time taken to load 'Create a New Account: Country selector' screen.,,,,,,,,,OOBE Seabreeze Standard,,,0:30,,OOBE,,,,,,,,,,0,0.1,0.1,Seabreeze,,,,,,,,,,,,,,,,,,,,,
,,,,"Decanter OOBE - Time taken to load 'Create an Amazon account"" page.",,,,,,,,,OOBE Seabreeze Standard,,,0:30,,OOBE,,,,,,,,,,0,0.1,0.1,Seabreeze,,,,,,,,,,,,,,,,,,,,,
,,,,Decanter OOBE - Time taken to launch keyboard in 'Create an Amazon account' page.,,,,,,,,,OOBE Seabreeze Standard,,,0:30,,OOBE,,,,,,,,,,0,0.1,0.1,Seabreeze,,,,,,,,,,,,,,,,,,,,,
,,,,Decanter OOBE - Time taken to load 'Add a payment method' page.,,,,,,,,,OOBE Seabreeze Standard,,,0:30,,OOBE,,,,,,,,,,0,0.1,0.1,Seabreeze,,,,,,,,,,,,,,,,,,,,,
,,,,Decanter OOBE - Time taken to launch keyboard in 'Add a payment method' page.,,,,,,,,,OOBE Seabreeze Standard,,,0:30,,OOBE,,,,,,,,,,0,0.1,0.1,Seabreeze,,,,,,,,,,,,,,,,,,,,,
,,,,Decanter OOBE - Time taken to load 'Billing address' page.,,,,,,,,,OOBE Seabreeze Standard,,,0:30,,OOBE,,,,,,,,,,0,0.1,0.1,Seabreeze,,,,,,,,,,,,,,,,,,,,,
,,,,Decanter OOBE - Time taken to launch keyboard in 'Billing address' page.,,,,,,,,,OOBE Seabreeze Standard,,,0:30,,OOBE,,,,,,,,,,0,0.1,0.1,Seabreeze,,,,,,,,,,,,,,,,,,,,,
,,,,OOBE Seabreeze 2X ,Week_05 J19.3,,,,,,,J19.2 SBR  J19.3 Mainline,,,,,,,,,,,,,,,,0,0.1,0.1,,,,,,,,,,,,,,,,,,,,,,
,,,,Decanter OOBE - Time taken to load Kindle brand screen when power button is pressed.,,,,,,,,,OOBE Seabreeze 2X ,,,0:30,,OOBE,,,,,,,,,,0,0.1,0.1,Seabreeze,,,,,,,,,,,,,,,,,,,,,
,,,,Decanter OOBE - Time taken to load language picker screen from kindle brand screen,,,,,,,,,OOBE Seabreeze 2X ,,,0:30,,OOBE,,,,,,,,,,0,0.1,0.1,Seabreeze,,,,,,,,,,,,,,,,,,,,,
,,,,Decanter OOBE - Time taken to load Region picker screen from Language picker screen,,,,,,,,,OOBE Seabreeze 2X ,,,0:30,,OOBE,,,,,,,,,,0,0.1,0.1,Seabreeze,,,,,,,,,,,,,,,,,,,,,
,,,,Decanter OOBE - Time taken to load SW loading screen from region picker page (When 'Next' button is clicked on region picker page),,,,,,,,,OOBE Seabreeze 2X ,,,0:30,,OOBE,,,,,,,,,,0,0.1,0.1,Seabreeze,,,,,,,,,,,,,,,,,,,,,
,,,,Decanter OOBE - Time taken to complete SW load.,,,,,,,,,OOBE Seabreeze 2X ,,,0:30,,OOBE,,,,,,,,,,0,0.1,0.1,Seabreeze,,,,,,,,,,,,,,,,,,,,,
,,,,Decanter OOBE - Time taken to load FFS welcome page.,,,,,,,,,OOBE Seabreeze 2X ,,,1:00,,OOBE,,,,,,,,,,0,0.1,0.1,Seabreeze,,,,,,,,,,,,,,,,,,,,,
,,,,Decanter OOBE - Time taken to load 'Hello screen' from s/w load screen.,,,,,,,,,OOBE Seabreeze 2X ,,,0:30,,OOBE,,,,,,,,,,0,0.1,0.1,Seabreeze,,,,,,,,,,,,,,,,,,,,,
,,,,Decanter OOBE - Time taken to load 'WiFi screen' from s/w load screen.,,,,,,,,,OOBE Seabreeze 2X ,,,0:30,,OOBE,,,,,,,,,,0,0.1,0.1,Seabreeze,,,,,,,,,,,,,,,,,,,,,
,,,,Decanter OOBE - Time taken to load WiFi set-up screen when 'Set Up without App' button is selected in Hello screen,,,,,,,,,OOBE Seabreeze 2X ,,,0:30,,OOBE,,,,,,,,,,0,0.1,0.1,Seabreeze,,,,,,,,,,,,,,,,,,,,,
,,,,Decanter OOBE - Time taken to load 'Registration' screen when 'Next' button is clicked in WiFi set-up screen.,,,,,,,,,OOBE Seabreeze 2X ,,,0:30,,OOBE,,,,,,,,,,0,0.1,0.1,Seabreeze,,,,,,,,,,,,,,,,,,,,,
,,,,Decanter OOBE - Time taken to load 'Welcome' screen from Registration screen.,,,,,,,,,OOBE Seabreeze 2X ,,,0:30,,OOBE,,,,,,,,,,0,0.1,0.1,Seabreeze,,,,,,,,,,,,,,,,,,,,,
,,,,Decanter OOBE - Time taken to load 'Goodreads sign-in / Sign-up' page from 'Get the Kindle App' screen,,,,,,,,,OOBE Seabreeze 2X ,,,0:30,,OOBE,,,,,,,,,,0,0.1,0.1,Seabreeze,,,,,,,,,,,,,,,,,,,,,
,,,,Decanter OOBE - Time taken to load Prime 'Upsell' page from  'Get the Kindle App' screen,,,,,,,,,OOBE Seabreeze 2X ,,,0:50,,OOBE,,,,,,,,,,0,0.1,0.1,Seabreeze,,,,,,,,,,,,,,,,,,,,,
,,,,Decanter OOBE - Time taken to load KU 'Upsell' page from  'Get the Kindle App' screen,,,,,,,,,OOBE Seabreeze 2X ,,,0:50,,OOBE,,,,,,,,,,0,0.1,0.1,Seabreeze,,,,,,,,,,,,,,,,,,,,,
,,,,Decanter OOBE - Time taken to load Audible 'Upsell' page from  'Get the Kindle App' screen.,,,,,,,,,OOBE Seabreeze 2X ,,,0:50,,OOBE,,,,,,,,,,0,0.1,0.1,Seabreeze,,,,,,,,,,,,,,,,,,,,,
,,,,Decanter OOBE - Time taken to load 'Get the Kindle App' page.,,,,,,,,,OOBE Seabreeze 2X ,,,0:00,,OOBE,,,,,,,,,,0,0.1,0.1,Seabreeze,,,,,,,,,,,,,,,,,,,,,
,,,,Decanter OOBE - Time taken to show numbers keyboard modal when phone number field is clicked.,,,,,,,,,OOBE Seabreeze 2X ,,,0:00,,OOBE,,,,,,,,,,0,0.1,0.1,Seabreeze,,,,,,,,,,,,,,,,,,,,,
,,,,Decanter OOBE - Time taken to load kindle app 'Connected' page after Kindle App is paired with device,,,,,,,,,OOBE Seabreeze 2X ,,,0:50,,OOBE,,,,,,,,,,0,0.1,0.1,Seabreeze,,,,,,,,,,,,,,,,,,,,,
,,,,Decanter OOBE - Time taken to load 'Email-less Sign in Registration' screen when 'Next' button is clicked in WiFi screen.,,,,,,,,,OOBE Seabreeze 2X ,,,0:50,,OOBE,,,,,,,,,,0,0.1,0.1,Seabreeze,,,,,,,,,,,,,,,,,,,,,
,,,,Decanter OOBE - Time taken to load 'Create New Account' confirmation dialog  from goodreads page.,,,,,,,,,OOBE Seabreeze 2X ,,,0:30,,OOBE,,,,,,,,,,0,0.1,0.1,Seabreeze,,,,,,,,,,,,,,,,,,,,,
,,,,Decanter OOBE - Time taken to load 'Sign In to GoodReads' page  from goodreads page.,,,,,,,,,OOBE Seabreeze 2X ,,,0:30,,OOBE,,,,,,,,,,0,0.1,0.1,Seabreeze,,,,,,,,,,,,,,,,,,,,,
,,,,Decanter OOBE - Time taken to load next page when 'Start your 30 day Prime FREE Trial' button is clicked on Prime 'Upsell' page.,,,,,,,,,OOBE Seabreeze 2X ,,,1:00,,OOBE,,,,,,,,,,0,0.1,0.1,Seabreeze,,,,,,,,,,,,,,,,,,,,,
,,,,Decanter OOBE - Time taken to load next page when 'Join Kindle Unlimited' button is clicked on KU 'Upsell' page.,,,,,,,,,OOBE Seabreeze 2X ,,,1:00,,OOBE,,,,,,,,,,0,0.1,0.1,Seabreeze,,,,,,,,,,,,,,,,,,,,,
,,,,Decanter OOBE - Time taken to load Audible upsell page from KU Upsell page,,,,,,,,,OOBE Seabreeze 2X ,,,0:50,,OOBE,,,,,,,,,,0,0.1,0.1,Seabreeze,,,,,,,,,,,,,,,,,,,,,
,,,,Decanter OOBE - Time taken to load Prime upsell page from Audible 'Upsell' page,,,,,,,,,OOBE Seabreeze 2X ,,,0:50,,OOBE,,,,,,,,,,0,0.1,0.1,Seabreeze,,,,,,,,,,,,,,,,,,,,,
,,,,Decanter OOBE - Time taken to load 'Two Step Verification' page from registration page,,,,,,,,,OOBE Seabreeze 2X ,,,0:40,,OOBE,,,,,,,,,,0,0.1,0.1,Seabreeze,,,,,,,,,,,,,,,,,,,,,
,,,,Decanter OOBE - Time taken to load 'Send verification code' page from 'Two Step Verification' page,,,,,,,,,OOBE Seabreeze 2X ,,,0:40,,OOBE,,,,,,,,,,0,0.1,0.1,Seabreeze,,,,,,,,,,,,,,,,,,,,,
,,,,Decanter OOBE - Time taken to load 'Verify Account' page from registration page.,,,,,,,,,OOBE Seabreeze 2X ,,,0:40,,OOBE,,,,,,,,,,0,0.1,0.1,Seabreeze,,,,,,,,,,,,,,,,,,,,,
,,,,Decanter OOBE - Time taken to display code when 'Create code' is clicked.,,,,,,,,,OOBE Seabreeze 2X ,,,0:40,,OOBE,,,,,,,,,,0,0.1,0.1,Seabreeze,,,,,,,,,,,,,,,,,,,,,
,,,,Decanter OOBE - Time taken to load 'Create a New Account: Country selector' screen.,,,,,,,,,OOBE Seabreeze 2X ,,,0:30,,OOBE,,,,,,,,,,0,0.1,0.1,Seabreeze,,,,,,,,,,,,,,,,,,,,,
,,,,"Decanter OOBE - Time taken to load 'Create an Amazon account"" page.",,,,,,,,,OOBE Seabreeze 2X ,,,0:30,,OOBE,,,,,,,,,,0,0.1,0.1,Seabreeze,,,,,,,,,,,,,,,,,,,,,
,,,,Decanter OOBE - Time taken to launch keyboard in 'Create an Amazon account' page.,,,,,,,,,OOBE Seabreeze 2X ,,,0:30,,OOBE,,,,,,,,,,0,0.1,0.1,Seabreeze,,,,,,,,,,,,,,,,,,,,,
,,,,Decanter OOBE - Time taken to load 'Add a payment method' page.,,,,,,,,,OOBE Seabreeze 2X ,,,0:30,,OOBE,,,,,,,,,,0,0.1,0.1,Seabreeze,,,,,,,,,,,,,,,,,,,,,
,,,,Decanter OOBE - Time taken to launch keyboard in 'Add a payment method' page.,,,,,,,,,OOBE Seabreeze 2X ,,,0:30,,OOBE,,,,,,,,,,0,0.1,0.1,Seabreeze,,,,,,,,,,,,,,,,,,,,,
,,,,Decanter OOBE - Time taken to load 'Billing address' page.,,,,,,,,,OOBE Seabreeze 2X ,,,0:30,,OOBE,,,,,,,,,,0,0.1,0.1,Seabreeze,,,,,,,,,,,,,,,,,,,,,
,,,,Decanter OOBE - Time taken to launch keyboard in 'Billing address' page.,,,,,,,,,OOBE Seabreeze 2X ,,,0:30,,OOBE,,,,,,,,,,0,0.1,0.1,Seabreeze,,,,,,,,,,,,,,,,,,,,,
,,,,OOBE Calvados 1X Mode,Week_05 J19.3,,,,,,,J19.2 SBR  J19.3 Mainline,,,,,,,,,,,,,,,,0,0.1,0.1,,,,,,,,,,,,,,,,,,,,,,
,,,,Decanter OOBE - Time taken to load Kindle brand screen when power button is pressed.,,,,,,,,,OOBE Calvados 1X Mode,,,0:30,,OOBE 1X,,,,,,,,,,0,0.1,0.1,Calvados,,,,,,,,,,,,,,,,,,,,,
,,,,Decanter OOBE - Time taken to load language picker screen from kindle brand screen,,,,,,,,,OOBE Calvados 1X Mode,,,0:30,,OOBE 1X,,,,,,,,,,0,0.1,0.1,Calvados,,,,,,,,,,,,,,,,,,,,,
,,,,Decanter OOBE - Time taken to load Region picker screen from Language picker screen,,,,,,,,,OOBE Calvados 1X Mode,,,0:30,,OOBE 1X,,,,,,,,,,0,0.1,0.1,Calvados,,,,,,,,,,,,,,,,,,,,,
,,,,Decanter OOBE - Time taken to load SW loading screen from region picker page (When 'Next' button is clicked on region picker page),,,,,,,,,OOBE Calvados 1X Mode,,,0:30,,OOBE 1X,,,,,,,,,,0,0.1,0.1,Calvados,,,,,,,,,,,,,,,,,,,,,
,,,,Decanter OOBE - Time taken to complete SW load.,,,,,,,,,OOBE Calvados 1X Mode,,,0:30,,OOBE 1X,,,,,,,,,,0,0.1,0.1,Calvados,,,,,,,,,,,,,,,,,,,,,
,,,,Decanter OOBE - Time taken to load FFS welcome page.,,,,,,,,,OOBE Calvados 1X Mode,,,1:00,,OOBE 1X,,,,,,,,,,0,0.1,0.1,Calvados,,,,,,,,,,,,,,,,,,,,,
,,,,Decanter OOBE - Time taken to load 'Hello screen' from s/w load screen.,,,,,,,,,OOBE Calvados 1X Mode,,,0:30,,OOBE 1X,,,,,,,,,,0,0.1,0.1,Calvados,,,,,,,,,,,,,,,,,,,,,
,,,,Decanter OOBE - Time taken to load 'WiFi screen' from s/w load screen.,,,,,,,,,OOBE Calvados 1X Mode,,,0:30,,OOBE 1X,,,,,,,,,,0,0.1,0.1,Calvados,,,,,,,,,,,,,,,,,,,,,
,,,,Decanter OOBE - Time taken to load WiFi set-up screen when 'Set Up without App' button is selected in Hello screen,,,,,,,,,OOBE Calvados 1X Mode,,,0:30,,OOBE 1X,,,,,,,,,,0,0.1,0.1,Calvados,,,,,,,,,,,,,,,,,,,,,
,,,,Decanter OOBE - Time taken to load 'Registration' screen when 'Next' button is clicked in WiFi set-up screen.,,,,,,,,,OOBE Calvados 1X Mode,,,0:30,,OOBE 1X,,,,,,,,,,0,0.1,0.1,Calvados,,,,,,,,,,,,,,,,,,,,,
,,,,Decanter OOBE - Time taken to load 'Welcome' screen from Registration screen.,,,,,,,,,OOBE Calvados 1X Mode,,,0:30,,OOBE 1X,,,,,,,,,,0,0.1,0.1,Calvados,,,,,,,,,,,,,,,,,,,,,
,,,,Decanter OOBE - Time taken to load 'Goodreads sign-in / Sign-up' page from 'Get the Kindle App' screen,,,,,,,,,OOBE Calvados 1X Mode,,,0:30,,OOBE 1X,,,,,,,,,,0,0.1,0.1,Calvados,,,,,,,,,,,,,,,,,,,,,
,,,,Decanter OOBE - Time taken to load Prime 'Upsell' page from  'Get the Kindle App' screen,,,,,,,,,OOBE Calvados 1X Mode,,,0:50,,OOBE 1X,,,,,,,,,,0,0.1,0.1,Calvados,,,,,,,,,,,,,,,,,,,,,
,,,,Decanter OOBE - Time taken to load KU 'Upsell' page from  'Get the Kindle App' screen,,,,,,,,,OOBE Calvados 1X Mode,,,0:50,,OOBE 1X,,,,,,,,,,0,0.1,0.1,Calvados,,,,,,,,,,,,,,,,,,,,,
,,,,Decanter OOBE - Time taken to load Audible 'Upsell' page from  'Get the Kindle App' screen.,,,,,,,,,OOBE Calvados 1X Mode,,,0:50,,OOBE 1X,,,,,,,,,,0,0.1,0.1,Calvados,,,,,,,,,,,,,,,,,,,,,
,,,,Decanter OOBE - Time taken to load 'Get the Kindle App' page.,,,,,,,,,OOBE Calvados 1X Mode,,,0:00,,OOBE 1X,,,,,,,,,,0,0.1,0.1,Calvados,,,,,,,,,,,,,,,,,,,,,
,,,,Decanter OOBE - Time taken to show numbers keyboard modal when phone number field is clicked.,,,,,,,,,OOBE Calvados 1X Mode,,,0:00,,OOBE 1X,,,,,,,,,,0,0.1,0.1,Calvados,,,,,,,,,,,,,,,,,,,,,
,,,,Decanter OOBE - Time taken to load kindle app 'Connected' page after Kindle App is paired with device,,,,,,,,,OOBE Calvados 1X Mode,,,0:50,,OOBE 1X,,,,,,,,,,0,0.1,0.1,Calvados,,,,,,,,,,,,,,,,,,,,,
,,,,Decanter OOBE - Time taken to load 'Email-less Sign in Registration' screen when 'Next' button is clicked in WiFi screen.,,,,,,,,,OOBE Calvados 1X Mode,,,0:50,,OOBE 1X,,,,,,,,,,0,0.1,0.1,Calvados,,,,,,,,,,,,,,,,,,,,,
,,,,Decanter OOBE - Time taken to load 'Create New Account' confirmation dialog  from goodreads page.,,,,,,,,,OOBE Calvados 1X Mode,,,0:30,,OOBE 1X,,,,,,,,,,0,0.1,0.1,Calvados,,,,,,,,,,,,,,,,,,,,,
,,,,Decanter OOBE - Time taken to load 'Sign In to GoodReads' page  from goodreads page.,,,,,,,,,OOBE Calvados 1X Mode,,,0:30,,OOBE 1X,,,,,,,,,,0,0.1,0.1,Calvados,,,,,,,,,,,,,,,,,,,,,
,,,,Decanter OOBE - Time taken to load next page when 'Start your 30 day Prime FREE Trial' button is clicked on Prime 'Upsell' page.,,,,,,,,,OOBE Calvados 1X Mode,,,1:00,,OOBE 1X,,,,,,,,,,0,0.1,0.1,Calvados,,,,,,,,,,,,,,,,,,,,,
,,,,Decanter OOBE - Time taken to load next page when 'Join Kindle Unlimited' button is clicked on KU 'Upsell' page.,,,,,,,,,OOBE Calvados 1X Mode,,,1:00,,OOBE 1X,,,,,,,,,,0,0.1,0.1,Calvados,,,,,,,,,,,,,,,,,,,,,
,,,,Decanter OOBE - Time taken to load Audible upsell page from KU Upsell page,,,,,,,,,OOBE Calvados 1X Mode,,,0:50,,OOBE 1X,,,,,,,,,,0,0.1,0.1,Calvados,,,,,,,,,,,,,,,,,,,,,
,,,,Decanter OOBE - Time taken to load Prime upsell page from Audible 'Upsell' page,,,,,,,,,OOBE Calvados 1X Mode,,,0:50,,OOBE 1X,,,,,,,,,,0,0.1,0.1,Calvados,,,,,,,,,,,,,,,,,,,,,
,,,,Decanter OOBE - Time taken to load 'Two Step Verification' page from registration page,,,,,,,,,OOBE Calvados 1X Mode,,,0:40,,OOBE 1X,,,,,,,,,,0,0.1,0.1,Calvados,,,,,,,,,,,,,,,,,,,,,
,,,,Decanter OOBE - Time taken to load 'Send verification code' page from 'Two Step Verification' page,,,,,,,,,OOBE Calvados 1X Mode,,,0:40,,OOBE 1X,,,,,,,,,,0,0.1,0.1,Calvados,,,,,,,,,,,,,,,,,,,,,
,,,,Decanter OOBE - Time taken to load 'Verify Account' page from registration page.,,,,,,,,,OOBE Calvados 1X Mode,,,0:40,,OOBE 1X,,,,,,,,,,0,0.1,0.1,Calvados,,,,,,,,,,,,,,,,,,,,,
,,,,Decanter OOBE - Time taken to display code when 'Create code' is clicked.,,,,,,,,,OOBE Calvados 1X Mode,,,0:40,,OOBE 1X,,,,,,,,,,0,0.1,0.1,Calvados,,,,,,,,,,,,,,,,,,,,,
,,,,Decanter OOBE - Time taken to load 'Create a New Account: Country selector' screen.,,,,,,,,,OOBE Calvados 1X Mode,,,0:30,,OOBE 1X,,,,,,,,,,0,0.1,0.1,Calvados,,,,,,,,,,,,,,,,,,,,,
,,,,"Decanter OOBE - Time taken to load 'Create an Amazon account"" page.",,,,,,,,,OOBE Calvados 1X Mode,,,0:30,,OOBE 1X,,,,,,,,,,0,0.1,0.1,Calvados,,,,,,,,,,,,,,,,,,,,,
,,,,Decanter OOBE - Time taken to launch keyboard in 'Create an Amazon account' page.,,,,,,,,,OOBE Calvados 1X Mode,,,0:30,,OOBE 1X,,,,,,,,,,0,0.1,0.1,Calvados,,,,,,,,,,,,,,,,,,,,,
,,,,Decanter OOBE - Time taken to load 'Add a payment method' page.,,,,,,,,,OOBE Calvados 1X Mode,,,0:30,,OOBE 1X,,,,,,,,,,0,0.1,0.1,Calvados,,,,,,,,,,,,,,,,,,,,,
,,,,Decanter OOBE - Time taken to launch keyboard in 'Add a payment method' page.,,,,,,,,,OOBE Calvados 1X Mode,,,0:30,,OOBE 1X,,,,,,,,,,0,0.1,0.1,Calvados,,,,,,,,,,,,,,,,,,,,,
,,,,Decanter OOBE - Time taken to load 'Billing address' page.,,,,,,,,,OOBE Calvados 1X Mode,,,0:30,,OOBE 1X,,,,,,,,,,0,0.1,0.1,Calvados,,,,,,,,,,,,,,,,,,,,,
,,,,Decanter OOBE - Time taken to launch keyboard in 'Billing address' page.,,,,,,,,,OOBE Calvados 1X Mode,,,0:30,,OOBE 1X,,,,,,,,,,0,0.1,0.1,Calvados,,,,,,,,,,,,,,,,,,,,,
,,,,OOBE Calvados 2X Mode,Week_05 J19.3,,,,,,,J19.2 SBR  J19.3 Mainline,,,,,,,,,,,,,,,,0,0.1,0.1,,,,,,,,,,,,,,,,,,,,,,
,,,,Decanter OOBE - Time taken to load Kindle brand screen when power button is pressed.,,,,,,,,,OOBE Calvados 2X Mode,,,0:30,,OOBE 1X,,,,,,,,,,0,0.1,0.1,Calvados,,,,,,,,,,,,,,,,,,,,,
,,,,Decanter OOBE - Time taken to load language picker screen from kindle brand screen,,,,,,,,,OOBE Calvados 2X Mode,,,0:30,,OOBE 1X,,,,,,,,,,0,0.1,0.1,Calvados,,,,,,,,,,,,,,,,,,,,,
,,,,Decanter OOBE - Time taken to load Region picker screen from Language picker screen,,,,,,,,,OOBE Calvados 2X Mode,,,0:30,,OOBE 1X,,,,,,,,,,0,0.1,0.1,Calvados,,,,,,,,,,,,,,,,,,,,,
,,,,Decanter OOBE - Time taken to load SW loading screen from region picker page (When 'Next' button is clicked on region picker page),,,,,,,,,OOBE Calvados 2X Mode,,,0:30,,OOBE 1X,,,,,,,,,,0,0.1,0.1,Calvados,,,,,,,,,,,,,,,,,,,,,
,,,,Decanter OOBE - Time taken to complete SW load.,,,,,,,,,OOBE Calvados 2X Mode,,,0:30,,OOBE 1X,,,,,,,,,,0,0.1,0.1,Calvados,,,,,,,,,,,,,,,,,,,,,
,,,,Decanter OOBE - Time taken to load FFS welcome page.,,,,,,,,,OOBE Calvados 2X Mode,,,1:00,,OOBE 1X,,,,,,,,,,0,0.1,0.1,Calvados,,,,,,,,,,,,,,,,,,,,,
,,,,Decanter OOBE - Time taken to load 'Hello screen' from s/w load screen.,,,,,,,,,OOBE Calvados 2X Mode,,,0:30,,OOBE 1X,,,,,,,,,,0,0.1,0.1,Calvados,,,,,,,,,,,,,,,,,,,,,
,,,,Decanter OOBE - Time taken to load 'WiFi screen' from s/w load screen.,,,,,,,,,OOBE Calvados 2X Mode,,,0:30,,OOBE 1X,,,,,,,,,,0,0.1,0.1,Calvados,,,,,,,,,,,,,,,,,,,,,
,,,,Decanter OOBE - Time taken to load WiFi set-up screen when 'Set Up without App' button is selected in Hello screen,,,,,,,,,OOBE Calvados 2X Mode,,,0:30,,OOBE 1X,,,,,,,,,,0,0.1,0.1,Calvados,,,,,,,,,,,,,,,,,,,,,
,,,,Decanter OOBE - Time taken to load 'Registration' screen when 'Next' button is clicked in WiFi set-up screen.,,,,,,,,,OOBE Calvados 2X Mode,,,0:30,,OOBE 1X,,,,,,,,,,0,0.1,0.1,Calvados,,,,,,,,,,,,,,,,,,,,,
,,,,Decanter OOBE - Time taken to load 'Welcome' screen from Registration screen.,,,,,,,,,OOBE Calvados 2X Mode,,,0:30,,OOBE 1X,,,,,,,,,,0,0.1,0.1,Calvados,,,,,,,,,,,,,,,,,,,,,
,,,,Decanter OOBE - Time taken to load 'Goodreads sign-in / Sign-up' page from 'Get the Kindle App' screen,,,,,,,,,OOBE Calvados 2X Mode,,,0:30,,OOBE 1X,,,,,,,,,,0,0.1,0.1,Calvados,,,,,,,,,,,,,,,,,,,,,
,,,,Decanter OOBE - Time taken to load Prime 'Upsell' page from  'Get the Kindle App' screen,,,,,,,,,OOBE Calvados 2X Mode,,,0:50,,OOBE 1X,,,,,,,,,,0,0.1,0.1,Calvados,,,,,,,,,,,,,,,,,,,,,
,,,,Decanter OOBE - Time taken to load KU 'Upsell' page from  'Get the Kindle App' screen,,,,,,,,,OOBE Calvados 2X Mode,,,0:50,,OOBE 1X,,,,,,,,,,0,0.1,0.1,Calvados,,,,,,,,,,,,,,,,,,,,,
,,,,Decanter OOBE - Time taken to load Audible 'Upsell' page from  'Get the Kindle App' screen.,,,,,,,,,OOBE Calvados 2X Mode,,,0:50,,OOBE 1X,,,,,,,,,,0,0.1,0.1,Calvados,,,,,,,,,,,,,,,,,,,,,
,,,,Decanter OOBE - Time taken to load 'Get the Kindle App' page.,,,,,,,,,OOBE Calvados 2X Mode,,,0:00,,OOBE 1X,,,,,,,,,,0,0.1,0.1,Calvados,,,,,,,,,,,,,,,,,,,,,
,,,,Decanter OOBE - Time taken to show numbers keyboard modal when phone number field is clicked.,,,,,,,,,OOBE Calvados 2X Mode,,,0:00,,OOBE 1X,,,,,,,,,,0,0.1,0.1,Calvados,,,,,,,,,,,,,,,,,,,,,
,,,,Decanter OOBE - Time taken to load kindle app 'Connected' page after Kindle App is paired with device,,,,,,,,,OOBE Calvados 2X Mode,,,0:50,,OOBE 1X,,,,,,,,,,0,0.1,0.1,Calvados,,,,,,,,,,,,,,,,,,,,,
,,,,Decanter OOBE - Time taken to load 'Email-less Sign in Registration' screen when 'Next' button is clicked in WiFi screen.,,,,,,,,,OOBE Calvados 2X Mode,,,0:50,,OOBE 1X,,,,,,,,,,0,0.1,0.1,Calvados,,,,,,,,,,,,,,,,,,,,,
,,,,Decanter OOBE - Time taken to load 'Create New Account' confirmation dialog  from goodreads page.,,,,,,,,,OOBE Calvados 2X Mode,,,0:30,,OOBE 1X,,,,,,,,,,0,0.1,0.1,Calvados,,,,,,,,,,,,,,,,,,,,,
,,,,Decanter OOBE - Time taken to load 'Sign In to GoodReads' page  from goodreads page.,,,,,,,,,OOBE Calvados 2X Mode,,,0:30,,OOBE 1X,,,,,,,,,,0,0.1,0.1,Calvados,,,,,,,,,,,,,,,,,,,,,
,,,,Decanter OOBE - Time taken to load next page when 'Start your 30 day Prime FREE Trial' button is clicked on Prime 'Upsell' page.,,,,,,,,,OOBE Calvados 2X Mode,,,1:00,,OOBE 1X,,,,,,,,,,0,0.1,0.1,Calvados,,,,,,,,,,,,,,,,,,,,,
,,,,Decanter OOBE - Time taken to load next page when 'Join Kindle Unlimited' button is clicked on KU 'Upsell' page.,,,,,,,,,OOBE Calvados 2X Mode,,,1:00,,OOBE 1X,,,,,,,,,,0,0.1,0.1,Calvados,,,,,,,,,,,,,,,,,,,,,
,,,,Decanter OOBE - Time taken to load Audible upsell page from KU Upsell page,,,,,,,,,OOBE Calvados 2X Mode,,,0:50,,OOBE 1X,,,,,,,,,,0,0.1,0.1,Calvados,,,,,,,,,,,,,,,,,,,,,
,,,,Decanter OOBE - Time taken to load Prime upsell page from Audible 'Upsell' page,,,,,,,,,OOBE Calvados 2X Mode,,,0:50,,OOBE 1X,,,,,,,,,,0,0.1,0.1,Calvados,,,,,,,,,,,,,,,,,,,,,
,,,,Decanter OOBE - Time taken to load 'Two Step Verification' page from registration page,,,,,,,,,OOBE Calvados 2X Mode,,,0:40,,OOBE 1X,,,,,,,,,,0,0.1,0.1,Calvados,,,,,,,,,,,,,,,,,,,,,
,,,,Decanter OOBE - Time taken to load 'Send verification code' page from 'Two Step Verification' page,,,,,,,,,OOBE Calvados 2X Mode,,,0:40,,OOBE 1X,,,,,,,,,,0,0.1,0.1,Calvados,,,,,,,,,,,,,,,,,,,,,
,,,,Decanter OOBE - Time taken to load 'Verify Account' page from registration page.,,,,,,,,,OOBE Calvados 2X Mode,,,0:40,,OOBE 1X,,,,,,,,,,0,0.1,0.1,Calvados,,,,,,,,,,,,,,,,,,,,,
,,,,Decanter OOBE - Time taken to display code when 'Create code' is clicked.,,,,,,,,,OOBE Calvados 2X Mode,,,0:40,,OOBE 1X,,,,,,,,,,0,0.1,0.1,Calvados,,,,,,,,,,,,,,,,,,,,,
,,,,Decanter OOBE - Time taken to load 'Create a New Account: Country selector' screen.,,,,,,,,,OOBE Calvados 2X Mode,,,0:30,,OOBE 1X,,,,,,,,,,0,0.1,0.1,Calvados,,,,,,,,,,,,,,,,,,,,,
,,,,"Decanter OOBE - Time taken to load 'Create an Amazon account"" page.",,,,,,,,,OOBE Calvados 2X Mode,,,0:30,,OOBE 1X,,,,,,,,,,0,0.1,0.1,Calvados,,,,,,,,,,,,,,,,,,,,,
,,,,Decanter OOBE - Time taken to launch keyboard in 'Create an Amazon account' page.,,,,,,,,,OOBE Calvados 2X Mode,,,0:30,,OOBE 1X,,,,,,,,,,0,0.1,0.1,Calvados,,,,,,,,,,,,,,,,,,,,,
,,,,Decanter OOBE - Time taken to load 'Add a payment method' page.,,,,,,,,,OOBE Calvados 2X Mode,,,0:30,,OOBE 1X,,,,,,,,,,0,0.1,0.1,Calvados,,,,,,,,,,,,,,,,,,,,,
,,,,Decanter OOBE - Time taken to launch keyboard in 'Add a payment method' page.,,,,,,,,,OOBE Calvados 2X Mode,,,0:30,,OOBE 1X,,,,,,,,,,0,0.1,0.1,Calvados,,,,,,,,,,,,,,,,,,,,,
,,,,Decanter OOBE - Time taken to load 'Billing address' page.,,,,,,,,,OOBE Calvados 2X Mode,,,0:30,,OOBE 1X,,,,,,,,,,0,0.1,0.1,Calvados,,,,,,,,,,,,,,,,,,,,,
,,,,Decanter OOBE - Time taken to launch keyboard in 'Billing address' page.,,,,,,,,,OOBE Calvados 2X Mode,,,0:30,,OOBE 1X,,,,,,,,,,0,0.1,0.1,Calvados,,,,,,,,,,,,,,,,,,,,,
,,,,HWR Pisco Manual & Quick Send (NEW),Week_05 J19.3,,,,,,,J19.2 SBR  J19.3 Mainline,,,,,,,,,,,,,,,,0,0.1,0.1,,,,,,,,,,,,,,,,,,,,,,
,,,,"Time it takes for an already converted set of pages to load in preview. (for gray ""loading"" pages to show)",,,,,,,,,HWR Pisco Manual & Quick Send (NEW),,,0:25,,HWR New,,,,,,,,,,0,0.1,0.1,Barolo,,,,,,,,,,,,,,,,,,,,,
,,,,Time it takes to bring up edit window and keyboard in preview.,,,,,,,,,HWR Pisco Manual & Quick Send (NEW),,,0:25,,HWR New,,,,,,,,,,0,0.1,0.1,Barolo,,,,,,,,,,,,,,,,,,,,,
,,,,Time it takes to navigate to a different (already converted) page in preview via Go to,,,,,,,,,HWR Pisco Manual & Quick Send (NEW),,,0:25,,HWR New,,,,,,,,,,0,0.1,0.1,Barolo,,,,,,,,,,,,,,,,,,,,,
,,,,Time it takes to navigate to a different page (not converted yet) in preview via Go to,,,,,,,,,HWR Pisco Manual & Quick Send (NEW),,,0:25,,HWR New,,,,,,,,,,0,0.1,0.1,Barolo,,,,,,,,,,,,,,,,,,,,,
,,,,Customer creates a new notebook while offline with 1 Page,,,,,,,,,HWR Pisco Manual & Quick Send (NEW),,,0:30,,HWR New,,,,,,,,,,0,0.1,0.1,Barolo,,,,,,,,,,,,,,,,,,,,,
,,,,Customer creates a new notebook while offline with 5 Page,,,,,,,,,HWR Pisco Manual & Quick Send (NEW),,,0:35,,HWR New,,,,,,,,,,0,0.1,0.1,Barolo,,,,,,,,,,,,,,,,,,,,,
,,,,Quick send 250 stroke - Customer converts a notebook with 50 Pages - Email Time,,,,,,,,,HWR Pisco Manual & Quick Send (NEW),,,1:30,,HWR New,,,,,,,,,,0,0.1,0.1,Barolo,,,,,,,,,,,,,,,,,,,,,
,,,,Quick send 1000 stroke - Customer converts a notebook with 50 Pages - Email Time,,,,,,,,,HWR Pisco Manual & Quick Send (NEW),,,1:30,,HWR New,,,,,,,,,,0,0.1,0.1,Barolo,,,,,,,,,,,,,,,,,,,,,
,,,,"Quick send 250 stroke 50 pages New notebook, 1 selected - Email Time",,,,,,,,,HWR Pisco Manual & Quick Send (NEW),,,1:30,,HWR New,,,,,,,,,,0,0.1,0.1,Barolo,,,,,,,,,,,,,,,,,,,,,
,,,,"Quick send 1000 stroke 50 pages New notebook, 1 selected - Email Time",,,,,,,,,HWR Pisco Manual & Quick Send (NEW),,,1:30,,HWR New,,,,,,,,,,0,0.1,0.1,Barolo,,,,,,,,,,,,,,,,,,,,,
,,,,"Quick send 250 50 pages New notebook, 25 selected - Email Time",,,,,,,,,HWR Pisco Manual & Quick Send (NEW),,,1:30,,HWR New,,,,,,,,,,0,0.1,0.1,Barolo,,,,,,,,,,,,,,,,,,,,,
,,,,"Quick send 1000 50 pages New notebook, 25 selected - Email Time",,,,,,,,,HWR Pisco Manual & Quick Send (NEW),,,1:30,,HWR New,,,,,,,,,,0,0.1,0.1,Barolo,,,,,,,,,,,,,,,,,,,,,
,,,,P2 Calvados,Week_05 J19.3,,,,,,,J19.2 SBR  J19.3 Mainline,,,,,,,,,,,,,,,,,,,,,,,,,,,,,,,,,,,,,,,,
,,,,Open the cover with Hall sensor - Wakeup time - T2 - YJ (with out DTCP),,,,,,,,,P2 Calvados,,,0:20,,P2,,,,,,,,,,0,0.1,0.1,Calvados,,,,,,,,,,,,,,,,,,,,,
,,,,Time to launch GRoK and land on updates page (warm),,,,,,,,,P2 Calvados,,,0:20,,P2,,,,,,,,,,0,0.1,0.1,Calvados,,,,,,,,,,,,,,,,,,,,,
,,,,BT Connect dialogue pop up- Precondition to turn on BT,,,,,,,,,P2 Calvados,,,0:10,,P2,,,,,,,,,,0,0.1,0.1,Calvados,,,,,,,,,,,,,,,,,,,,,
,,,,Time for scanned BT devices to appear in BT Connect dialogue,,,,,,,,,P2 Calvados,,,0:10,,P2,,,,,,,,,,0,0.1,0.1,Calvados,,,,,,,,,,,,,,,,,,,,,
,,,,Time to connect to BT device for the first time- before scan cycle completes,,,,,,,,,P2 Calvados,,,0:10,,P2,,,,,,,,,,0,0.1,0.1,Calvados,,,,,,,,,,,,,,,,,,,,,
,,,,Re-connect after suspend,,,,,,,,,P2 Calvados,,,0:30,,P2,,,,,,,,,,0,0.1,0.1,Calvados,,,,,,,,,,,,,,,,,,,,,
,,,,Quick Actions: Turning ON BT,,,,,,,,,P2 Calvados,,,0:10,,P2,,,,,,,,,,0,0.1,0.1,Calvados,,,,,,,,,,,,,,,,,,,,,
,,,,Quick Actions: Turning OFF BT,,,,,,,,,P2 Calvados,,,0:15,,P2,,,,,,,,,,0,0.1,0.1,Calvados,,,,,,,,,,,,,,,,,,,,,
,,,,Re-connect to a previously paired BT device,,,,,,,,,P2 Calvados,,,0:15,,P2,,,,,,,,,,0,0.1,0.1,Calvados,,,,,,,,,,,,,,,,,,,,,
,,,,Re-connect after turning BT off from Quick Actions,,,,,,,,,P2 Calvados,,,0:15,,P2,,,,,,,,,,0,0.1,0.1,Calvados,,,,,,,,,,,,,,,,,,,,,
,,,,Wake-up time from suspend to Active DTCP page,,,,,,,,,P2 Calvados,,,0:20,,P2,,,,,,,,,,0,0.1,0.1,Calvados,,,,,,,,,,,,,,,,,,,,,
,,,,Time to Launch store for first time,,,,,,,,,P2 Calvados,,,0:20,,P2,,,,,,,,,,0,0.1,0.1,Calvados,,,,,,,,,,,,,,,,,,,,,
,,,,"Time taken to launch Tutorial page when ""start reading"" is clicked in Profile Picker Page",,,,,,,,,P2 Calvados,,,0:10,,P2,,,,,,,,,,0,0.1,0.1,Calvados,,,,,,,,,,,,,,,,,,,,,
,,,,"Time taken to load the ""start reading "" page after clicking done in tutorial page",,,,,,,,,P2 Calvados,,,0:10,,P2,,,,,,,,,,0,0.1,0.1,Calvados,,,,,,,,,,,,,,,,,,,,,
,,,,Time taken to load Home screen with cards when start reading is clicked in welcome note in Home page (With cover image loaded),,,,,,,,,P2 Calvados,,,0:10,,P2,,,,,,,,,,0,0.1,0.1,Calvados,,,,,,,,,,,,,,,,,,,,,
,,,,Time taken to load home page from different page i.e. from recent,,,,,,,,,P2 Calvados,,,0:10,,P2,,,,,,,,,,0,0.1,0.1,Calvados,,,,,,,,,,,,,,,,,,,,,
,,,,Time to switch from browser to ebook,,,,,,,,,P2 Calvados,,,0:10,,P2,,,,,,,,,,0,0.1,0.1,Calvados,,,,,,,,,,,,,,,,,,,,,
,,,,Time taken to copy 100 pdfs to device from PC,,,,,,,,,P2 Calvados,,,0:30,,P2,,,,,,,,,,0,0.1,0.1,Calvados,,,,,,,,,,,,,,,,,,,,,
,,,,Time taken to copy 100 pdfs to device from Linux,,,,,,,,,P2 Calvados,,,0:30,,P2,,,,,,,,,,0,0.1,0.1,Calvados,,,,,,,,,,,,,,,,,,,,,
,,,,Time taken to copy 100 pdfs to device from MAC,,,,,,,,,P2 Calvados,,,0:30,,P2,,,,,,,,,,0,0.1,0.1,Calvados,,,,,,,,,,,,,,,,,,,,,
,,,,Thumbnail load time - initial BEV open - only pen strokes fully loaded,,,,,,,,,P2 Calvados,,,0:10,,P2,,,,,,,,,,0,0.1,0.1,Calvados,,,,,,,,,,,,,,,,,,,,,
,,,,BEV close time - back button - pen and highlighter strokes,,,,,,,,,P2 Calvados,,,0:10,,P2,,,,,,,,,,0,0.1,0.1,Calvados,,,,,,,,,,,,,,,,,,,,,
,,,,Go to a page 8 with summarized text of 15 pages and 160 words,,,,,,,,,P2 Calvados,,,0:10,,P2,,,,,,,,,,0,0.1,0.1,Calvados,,,,,,,,,,,,,,,,,,,,,
,,,,Delete a notebook with summarized text of 15 pages and 160 words,,,,,,,,,P2 Calvados,,,1:40,,P2,,,,,,,,,,0,0.1,0.1,Calvados,,,,,,,,,,,,,,,,,,,,,
,,,,BEV next page turn with summarized text of 50 pages with 160 words in each page,,,,,,,,,P2 Calvados,,,0:10,,P2,,,,,,,,,,0,0.1,0.1,Calvados,,,,,,,,,,,,,,,,,,,,,
,,,,BEV prev page turn with summarized text of 50 pages with 160 words in each page,,,,,,,,,P2 Calvados,,,0:10,,P2,,,,,,,,,,0,0.1,0.1,Calvados,,,,,,,,,,,,,,,,,,,,,
,,,,Add new page in BEV with summarized text of 50 pages with 160 words in each page,,,,,,,,,P2 Calvados,,,0:10,,P2,,,,,,,,,,0,0.1,0.1,Calvados,,,,,,,,,,,,,,,,,,,,,
,,,,Delete new page in BEV with summarized text of 50 pages with 160 words in each page,,,,,,,,,P2 Calvados,,,0:10,,P2,,,,,,,,,,0,0.1,0.1,Calvados,,,,,,,,,,,,,,,,,,,,,
,,,,Move a new page in BEV in with summarized text of 50 pages with 160 words in each page,,,,,,,,,P2 Calvados,,,0:10,,P2,,,,,,,,,,0,0.1,0.1,Calvados,,,,,,,,,,,,,,,,,,,,,
,,,,Change template in BEV with summarized text of 50 pages with 160 words in each page - selected page,,,,,,,,,P2 Calvados,,,0:10,,P2,,,,,,,,,,0,0.1,0.1,Calvados,,,,,,,,,,,,,,,,,,,,,
,,,,Share entire notebook with summarized text of 50 pages with 160 words in each page - Send S3 Bucket,,,,,,,,,P2 Calvados,,,0:10,,P2,,,,,,,,,,0,0.1,0.1,Calvados,,,,,,,,,,,,,,,,,,,,,
,,,,Share entire notebook after Refined text of 50 pages with 160 words in each page - Send S3 Bucket,,,,,,,,,P2 Calvados,,,0:10,,P2,,,,,,,,,,0,0.1,0.1,Calvados,,,,,,,,,,,,,,,,,,,,,
,,,,Measure the font settlement in preview for the font family switch from Cadia to Florio,,,,,,,,,P2 Calvados,,,0:10,,P2,,,,,,,,,,0,0.1,0.1,Calvados,,,,,,,,,,,,,,,,,,,,,
,,,,Measure the font settlement in preview for the font family switch from florio to notewright,,,,,,,,,P2 Calvados,,,0:10,,P2,,,,,,,,,,0,0.1,0.1,Calvados,,,,,,,,,,,,,,,,,,,,,
,,,,Measure the font settlement in preview switch font size from 3 to 6,,,,,,,,,P2 Calvados,,,0:10,,P2,,,,,,,,,,0,0.1,0.1,Calvados,,,,,,,,,,,,,,,,,,,,,
,,,,Measure the font settlement in preview switch font size from 5 to 8,,,,,,,,,P2 Calvados,,,0:10,,P2,,,,,,,,,,0,0.1,0.1,Calvados,,,,,,,,,,,,,,,,,,,,,
,,,,"Measure the font settlement in preview switch from line spacing ""Medium to Narrow""",,,,,,,,,P2 Calvados,,,0:10,,P2,,,,,,,,,,0,0.1,0.1,Calvados,,,,,,,,,,,,,,,,,,,,,
,,,,Inside kids -> YJ reader -> Next page turn with double tap,,,,,,,,,P2 Calvados,,,0:35,,P2,,,,,,,,,,0,0.1,0.1,Calvados,,,,,,,,,,,,,,,,,,,,,
,,,,Inside kids -> Home ->Next page turn with double tap,,,,,,,,,P2 Calvados,,,0:35,,P2,,,,,,,,,,0,0.1,0.1,Calvados,,,,,,,,,,,,,,,,,,,,,
,,,,Inside kids -> Library -> Next page turn with double tap,,,,,,,,,P2 Calvados,,,0:35,,P2,,,,,,,,,,0,0.1,0.1,Calvados,,,,,,,,,,,,,,,,,,,,,
,,,,BT Connect dialogue pop up- Precondition to turn on BT,,,,,,,,,P2 Calvados,,,0:10,,P2,,,,,,,,,,0,0.1,0.1,Calvados,,,,,,,,,,,,,,,,,,,,,
,,,,Quick Actions: Turning ON BT,,,,,,,,,P2 Calvados,,,0:10,,P2,,,,,,,,,,0,0.1,0.1,Calvados,,,,,,,,,,,,,,,,,,,,,
,,,,Quick Actions: Turning OFF BT,,,,,,,,,P2 Calvados,,,0:15,,P2,,,,,,,,,,0,0.1,0.1,Calvados,,,,,,,,,,,,,,,,,,,,,
,,,,BT Connect dialogue pop up- Precondition to turn on BT,,,,,,,,,P2 Calvados,,,0:10,,P2,,,,,,,,,,0,0.1,0.1,Calvados,,,,,,,,,,,,,,,,,,,,,
,,,,Quick Actions: Turning ON BT,,,,,,,,,P2 Calvados,,,0:10,,P2,,,,,,,,,,0,0.1,0.1,Calvados,,,,,,,,,,,,,,,,,,,,,
,,,,Quick Actions: Turning OFF BT,,,,,,,,,P2 Calvados,,,0:15,,P2,,,,,,,,,,0,0.1,0.1,Calvados,,,,,,,,,,,,,,,,,,,,,
,,,,Sidepanel Paloma,Week_05 J19.3,,,,,,,J19.2 SBR  J19.3 Mainline,,,,,,,,,,,,,,,,,,,,,,,,,,,,,,,,,,,,,,,,
,,,,Warm Book Open: Side Panel Docked Open No annotation,,,,,,,,,Sidepanel Paloma,,,0:10,,Sidepanel,,,,,,,,,,0,0.1,0.1,Paloma,,,,,,,,,,,,,,,,,,,,,
,,,,Warm Book Open: Side Panel Closed - No Annotations,,,,,,,,,Sidepanel Paloma,,,0:10,,Sidepanel,,,,,,,,,,0,0.1,0.1,Calvados,,,,,,,,,,,,,,,,,,,,,
,,,,Cold Book Open: Side Panel Docked Open - No annotation,,,,,,,,,Sidepanel Paloma,,,0:20,,Sidepanel,,,,,,,,,,0,0.1,0.1,Calvados,,,,,,,,,,,,,,,,,,,,,
,,,,Cold Book Open: Side Panel Closed - No Annotations,,,,,,,,,Sidepanel Paloma,,,0:10,,Sidepanel,,,,,,,,,,0,0.1,0.1,Calvados,,,,,,,,,,,,,,,,,,,,,
,,,,Prev Page Turn - Side Panel Open No Annotations,,,,,,,,,Sidepanel Paloma,,,0:10,,Sidepanel,,,,,,,,,,0,0.1,0.1,Calvados,,,,,,,,,,,,,,,,,,,,,
,,,,Next Page Turn: Side Panel Open No Annotations,,,,,,,,,Sidepanel Paloma,,,0:10,,Sidepanel,,,,,,,,,,0,0.1,0.1,Calvados,,,,,,,,,,,,,,,,,,,,,
,,,,Next Page Turn: Side Panel Closed - No Annotations,,,,,,,,,Sidepanel Paloma,,,0:10,,Sidepanel,,,,,,,,,,0,0.1,0.1,Calvados,,,,,,,,,,,,,,,,,,,,,
,,,,Previous Page Turn: Side Panel Closed - No Annotations,,,,,,,,,Sidepanel Paloma,,,0:10,,Sidepanel,,,,,,,,,,0,0.1,0.1,Calvados,,,,,,,,,,,,,,,,,,,,,
,,,,,,,,,,,,,,,,,,,,,,,,,,,,,,,,,,,,,,,,,,,,,,,,,,,,
,,,,,,,,,,,,,,,,,,,,,,,,,,,,,,,,,,,,,,,,,,,,,,,,,,,,
,,,,,,,,,,,,,,,,,,,,,,,,,,,,,,,,,,,,,,,,,,,,,,,,,,,,
,,,,,,,,,,,,,,,,,,,,,,,,,,,,,,,,,,,,,,,,,,,,,,,,,,,,
,,,,,,,,,,,,,,,,,,,,,,,,,,,,,,,,,,,,,,,,,,,,,,,,,,,,
,,,,,,,,,,,,,,,,,,,,,,,,,,,,,,,,,,,,,,,,,,,,,,,,,,,,
,,,,,,,,,,,,,,,,,,,,,,,,,,,,,,,,,,,,,,,,,,,,,,,,,,,,
,,,,,,,,,,,,,,,,,,,,,,,,,,,,,,,,,,,,,,,,,,,,,,,,,,,,
,,,,,,,,,,,,,,,,,,,,,,,,,,,,,,,,,,,,,,,,,,,,,,,,,,,,
,,,,,,,,,,,,,,,,,,,,,,,,,,,,,,,,,,,,,,,,,,,,,,,,,,,,
,,,,,,,,,,,,,,,,,,,,,,,,,,,,,,,,,,,,,,,,,,,,,,,,,,,,
,,,,,,,,,,,,,,,,,,,,,,,,,,,,,,,,,,,,,,,,,,,,,,,,,,,,
,,,,,,,,,,,,,,,,,,,,,,,,,,,,,,,,,,,,,,,,,,,,,,,,,,,,
,,,,,,,,,,,,,,,,,,,,,,,,,,,,,,,,,,,,,,,,,,,,,,,,,,,,
,,,,,,,,,,,,,,,,,,,,,,,,,,,,,,,,,,,,,,,,,,,,,,,,,,,,
,,,,,,,,,,,,,,,,,,,,,,,,,,,,,,,,,,,,,,,,,,,,,,,,,,,,
,,,,,,,,,,,,,,,,,,,,,,,,,,,,,,,,,,,,,,,,,,,,,,,,,,,,
,,,,,,,,,,,,,,,,,,,,,,,,,,,,,,,,,,,,,,,,,,,,,,,,,,,,
,,,,,,,,,,,,,,,,,,,,,,,,,,,,,,,,,,,,,,,,,,,,,,,,,,,,
,,,,,,,,,,,,,,,,,,,,,,,,,,,,,,,,,,,,,,,,,,,,,,,,,,,,
,,,,,,,,,,,,,,,,,,,,,,,,,,,,,,,,,,,,,,,,,,,,,,,,,,,,
,,,,,,,,,,,,,,,,,,,,,,,,,,,,,,,,,,,,,,,,,,,,,,,,,,,,
,,,,,,,,,,,,,,,,,,,,,,,,,,,,,,,,,,,,,,,,,,,,,,,,,,,,
,,,,,,,,,,,,,,,,,,,,,,,,,,,,,,,,,,,,,,,,,,,,,,,,,,,,
,,,,,,,,,,,,,,,,,,,,,,,,,,,,,,,,,,,,,,,,,,,,,,,,,,,,
,,,,,,,,,,,,,,,,,,,,,,,,,,,,,,,,,,,,,,,,,,,,,,,,,,,,
,,,,,,,,,,,,,,,,,,,,,,,,,,,,,,,,,,,,,,,,,,,,,,,,,,,,
,,,,,,,,,,,,,,,,,,,,,,,,,,,,,,,,,,,,,,,,,,,,,,,,,,,,
,,,,,,,,,,,,,,,,,,,,,,,,,,,,,,,,,,,,,,,,,,,,,,,,,,,,
,,,,,,,,,,,,,,,,,,,,,,,,,,,,,,,,,,,,,,,,,,,,,,,,,,,,
,,,,,,,,,,,,,,,,,,,,,,,,,,,,,,,,,,,,,,,,,,,,,,,,,,,,
,,,,,,,,,,,,,,,,,,,,,,,,,,,,,,,,,,,,,,,,,,,,,,,,,,,,
,,,,,,,,,,,,,,,,,,,,,,,,,,,,,,,,,,,,,,,,,,,,,,,,,,,,
,,,,,,,,,,,,,,,,,,,,,,,,,,,,,,,,,,,,,,,,,,,,,,,,,,,,
,,,,,,,,,,,,,,,,,,,,,,,,,,,,,,,,,,,,,,,,,,,,,,,,,,,,
,,,,,,,,,,,,,,,,,,,,,,,,,,,,,,,,,,,,,,,,,,,,,,,,,,,,
,,,,,,,,,,,,,,,,,,,,,,,,,,,,,,,,,,,,,,,,,,,,,,,,,,,,
,,,,,,,,,,,,,,,,,,,,,,,,,,,,,,,,,,,,,,,,,,,,,,,,,,,,
,,,,,,,,,,,,,,,,,,,,,,,,,,,,,,,,,,,,,,,,,,,,,,,,,,,,
,,,,,,,,,,,,,,,,,,,,,,,,,,,,,,,,,,,,,,,,,,,,,,,,,,,,
,,,,,,,,,,,,,,,,,,,,,,,,,,,,,,,,,,,,,,,,,,,,,,,,,,,,
,,,,,,,,,,,,,,,,,,,,,,,,,,,,,,,,,,,,,,,,,,,,,,,,,,,,
,,,,,,,,,,,,,,,,,,,,,,,,,,,,,,,,,,,,,,,,,,,,,,,,,,,,
,,,,,,,,,,,,,,,,,,,,,,,,,,,,,,,,,,,,,,,,,,,,,,,,,,,,
,,,,,,,,,,,,,,,,,,,,,,,,,,,,,,,,,,,,,,,,,,,,,,,,,,,,
,,,,,,,,,,,,,,,,,,,,,,,,,,,,,,,,,,,,,,,,,,,,,,,,,,,,
,,,,,,,,,,,,,,,,,,,,,,,,,,,,,,,,,,,,,,,,,,,,,,,,,,,,
,,,,,,,,,,,,,,,,,,,,,,,,,,,,,,,,,,,,,,,,,,,,,,,,,,,,
,,,,,,,,,,,,,,,,,,,,,,,,,,,,,,,,,,,,,,,,,,,,,,,,,,,,
,,,,,,,,,,,,,,,,,,,,,,,,,,,,,,,,,,,,,,,,,,,,,,,,,,,,
,,,,,,,,,,,,,,,,,,,,,,,,,,,,,,,,,,,,,,,,,,,,,,,,,,,,
,,,,,,,,,,,,,,,,,,,,,,,,,,,,,,,,,,,,,,,,,,,,,,,,,,,,
,,,,,,,,,,,,,,,,,,,,,,,,,,,,,,,,,,,,,,,,,,,,,,,,,,,,
,,,,,,,,,,,,,,,,,,,,,,,,,,,,,,,,,,,,,,,,,,,,,,,,,,,,
,,,,,,,,,,,,,,,,,,,,,,,,,,,,,,,,,,,,,,,,,,,,,,,,,,,,
,,,,,,,,,,,,,,,,,,,,,,,,,,,,,,,,,,,,,,,,,,,,,,,,,,,,
,,,,,,,,,,,,,,,,,,,,,,,,,,,,,,,,,,,,,,,,,,,,,,,,,,,,
,,,,,,,,,,,,,,,,,,,,,,,,,,,,,,,,,,,,,,,,,,,,,,,,,,,,
,,,,,,,,,,,,,,,,,,,,,,,,,,,,,,,,,,,,,,,,,,,,,,,,,,,,
,,,,,,,,,,,,,,,,,,,,,,,,,,,,,,,,,,,,,,,,,,,,,,,,,,,,
,,,,,,,,,,,,,,,,,,,,,,,,,,,,,,,,,,,,,,,,,,,,,,,,,,,,
,,,,,,,,,,,,,,,,,,,,,,,,,,,,,,,,,,,,,,,,,,,,,,,,,,,,
,,,,,,,,,,,,,,,,,,,,,,,,,,,,,,,,,,,,,,,,,,,,,,,,,,,,
,,,,,,,,,,,,,,,,,,,,,,,,,,,,,,,,,,,,,,,,,,,,,,,,,,,,
,,,,,,,,,,,,,,,,,,,,,,,,,,,,,,,,,,,,,,,,,,,,,,,,,,,,
,,,,,,,,,,,,,,,,,,,,,,,,,,,,,,,,,,,,,,,,,,,,,,,,,,,,
,,,,,,,,,,,,,,,,,,,,,,,,,,,,,,,,,,,,,,,,,,,,,,,,,,,,
,,,,,,,,,,,,,,,,,,,,,,,,,,,,,,,,,,,,,,,,,,,,,,,,,,,,
,,,,,,,,,,,,,,,,,,,,,,,,,,,,,,,,,,,,,,,,,,,,,,,,,,,,
,,,,,,,,,,,,,,,,,,,,,,,,,,,,,,,,,,,,,,,,,,,,,,,,,,,,
,,,,,,,,,,,,,,,,,,,,,,,,,,,,,,,,,,,,,,,,,,,,,,,,,,,,
,,,,,,,,,,,,,,,,,,,,,,,,,,,,,,,,,,,,,,,,,,,,,,,,,,,,
,,,,,,,,,,,,,,,,,,,,,,,,,,,,,,,,,,,,,,,,,,,,,,,,,,,,
,,,,,,,,,,,,,,,,,,,,,,,,,,,,,,,,,,,,,,,,,,,,,,,,,,,,
,,,,,,,,,,,,,,,,,,,,,,,,,,,,,,,,,,,,,,,,,,,,,,,,,,,,
,,,,,,,,,,,,,,,,,,,,,,,,,,,,,,,,,,,,,,,,,,,,,,,,,,,,
,,,,,,,,,,,,,,,,,,,,,,,,,,,,,,,,,,,,,,,,,,,,,,,,,,,,
,,,,,,,,,,,,,,,,,,,,,,,,,,,,,,,,,,,,,,,,,,,,,,,,,,,,
,,,,,,,,,,,,,,,,,,,,,,,,,,,,,,,,,,,,,,,,,,,,,,,,,,,,
,,,,,,,,,,,,,,,,,,,,,,,,,,,,,,,,,,,,,,,,,,,,,,,,,,,,
,,,,,,,,,,,,,,,,,,,,,,,,,,,,,,,,,,,,,,,,,,,,,,,,,,,,
,,,,,,,,,,,,,,,,,,,,,,,,,,,,,,,,,,,,,,,,,,,,,,,,,,,,
,,,,,,,,,,,,,,,,,,,,,,,,,,,,,,,,,,,,,,,,,,,,,,,,,,,,
,,,,,,,,,,,,,,,,,,,,,,,,,,,,,,,,,,,,,,,,,,,,,,,,,,,,
,,,,,,,,,,,,,,,,,,,,,,,,,,,,,,,,,,,,,,,,,,,,,,,,,,,,
,,,,,,,,,,,,,,,,,,,,,,,,,,,,,,,,,,,,,,,,,,,,,,,,,,,,
,,,,,,,,,,,,,,,,,,,,,,,,,,,,,,,,,,,,,,,,,,,,,,,,,,,,
,,,,,,,,,,,,,,,,,,,,,,,,,,,,,,,,,,,,,,,,,,,,,,,,,,,,
,,,,,,,,,,,,,,,,,,,,,,,,,,,,,,,,,,,,,,,,,,,,,,,,,,,,
,,,,,,,,,,,,,,,,,,,,,,,,,,,,,,,,,,,,,,,,,,,,,,,,,,,,
,,,,,,,,,,,,,,,,,,,,,,,,,,,,,,,,,,,,,,,,,,,,,,,,,,,,
,,,,,,,,,,,,,,,,,,,,,,,,,,,,,,,,,,,,,,,,,,,,,,,,,,,,
,,,,,,,,,,,,,,,,,,,,,,,,,,,,,,,,,,,,,,,,,,,,,,,,,,,,
,,,,,,,,,,,,,,,,,,,,,,,,,,,,,,,,,,,,,,,,,,,,,,,,,,,,
,,,,,,,,,,,,,,,,,,,,,,,,,,,,,,,,,,,,,,,,,,,,,,,,,,,,
,,,,,,,,,,,,,,,,,,,,,,,,,,,,,,,,,,,,,,,,,,,,,,,,,,,,
,,,,,,,,,,,,,,,,,,,,,,,,,,,,,,,,,,,,,,,,,,,,,,,,,,,,
,,,,,,,,,,,,,,,,,,,,,,,,,,,,,,,,,,,,,,,,,,,,,,,,,,,,
,,,,,,,,,,,,,,,,,,,,,,,,,,,,,,,,,,,,,,,,,,,,,,,,,,,,
,,,,,,,,,,,,,,,,,,,,,,,,,,,,,,,,,,,,,,,,,,,,,,,,,,,,
,,,,,,,,,,,,,,,,,,,,,,,,,,,,,,,,,,,,,,,,,,,,,,,,,,,,
,,,,,,,,,,,,,,,,,,,,,,,,,,,,,,,,,,,,,,,,,,,,,,,,,,,,
,,,,,,,,,,,,,,,,,,,,,,,,,,,,,,,,,,,,,,,,,,,,,,,,,,,,
,,,,,,,,,,,,,,,,,,,,,,,,,,,,,,,,,,,,,,,,,,,,,,,,,,,,
,,,,,,,,,,,,,,,,,,,,,,,,,,,,,,,,,,,,,,,,,,,,,,,,,,,,
,,,,,,,,,,,,,,,,,,,,,,,,,,,,,,,,,,,,,,,,,,,,,,,,,,,,
,,,,,,,,,,,,,,,,,,,,,,,,,,,,,,,,,,,,,,,,,,,,,,,,,,,,
,,,,,,,,,,,,,,,,,,,,,,,,,,,,,,,,,,,,,,,,,,,,,,,,,,,,
,,,,,,,,,,,,,,,,,,,,,,,,,,,,,,,,,,,,,,,,,,,,,,,,,,,,
,,,,,,,,,,,,,,,,,,,,,,,,,,,,,,,,,,,,,,,,,,,,,,,,,,,,
,,,,,,,,,,,,,,,,,,,,,,,,,,,,,,,,,,,,,,,,,,,,,,,,,,,,
,,,,,,,,,,,,,,,,,,,,,,,,,,,,,,,,,,,,,,,,,,,,,,,,,,,,
,,,,,,,,,,,,,,,,,,,,,,,,,,,,,,,,,,,,,,,,,,,,,,,,,,,,
,,,,,,,,,,,,,,,,,,,,,,,,,,,,,,,,,,,,,,,,,,,,,,,,,,,,
,,,,,,,,,,,,,,,,,,,,,,,,,,,,,,,,,,,,,,,,,,,,,,,,,,,,
,,,,,,,,,,,,,,,,,,,,,,,,,,,,,,,,,,,,,,,,,,,,,,,,,,,,
,,,,,,,,,,,,,,,,,,,,,,,,,,,,,,,,,,,,,,,,,,,,,,,,,,,,
,,,,,,,,,,,,,,,,,,,,,,,,,,,,,,,,,,,,,,,,,,,,,,,,,,,,
,,,,,,,,,,,,,,,,,,,,,,,,,,,,,,,,,,,,,,,,,,,,,,,,,,,,
,,,,,,,,,,,,,,,,,,,,,,,,,,,,,,,,,,,,,,,,,,,,,,,,,,,,
,,,,,,,,,,,,,,,,,,,,,,,,,,,,,,,,,,,,,,,,,,,,,,,,,,,,
,,,,,,,,,,,,,,,,,,,,,,,,,,,,,,,,,,,,,,,,,,,,,,,,,,,,
,,,,,,,,,,,,,,,,,,,,,,,,,,,,,,,,,,,,,,,,,,,,,,,,,,,,
,,,,,,,,,,,,,,,,,,,,,,,,,,,,,,,,,,,,,,,,,,,,,,,,,,,,
,,,,,,,,,,,,,,,,,,,,,,,,,,,,,,,,,,,,,,,,,,,,,,,,,,,,
,,,,,,,,,,,,,,,,,,,,,,,,,,,,,,,,,,,,,,,,,,,,,,,,,,,,
,,,,,,,,,,,,,,,,,,,,,,,,,,,,,,,,,,,,,,,,,,,,,,,,,,,,
,,,,,,,,,,,,,,,,,,,,,,,,,,,,,,,,,,,,,,,,,,,,,,,,,,,,
,,,,,,,,,,,,,,,,,,,,,,,,,,,,,,,,,,,,,,,,,,,,,,,,,,,,
,,,,,,,,,,,,,,,,,,,,,,,,,,,,,,,,,,,,,,,,,,,,,,,,,,,,
,,,,,,,,,,,,,,,,,,,,,,,,,,,,,,,,,,,,,,,,,,,,,,,,,,,,
,,,,,,,,,,,,,,,,,,,,,,,,,,,,,,,,,,,,,,,,,,,,,,,,,,,,
,,,,,,,,,,,,,,,,,,,,,,,,,,,,,,,,,,,,,,,,,,,,,,,,,,,,
,,,,,,,,,,,,,,,,,,,,,,,,,,,,,,,,,,,,,,,,,,,,,,,,,,,,
,,,,,,,,,,,,,,,,,,,,,,,,,,,,,,,,,,,,,,,,,,,,,,,,,,,,
,,,,,,,,,,,,,,,,,,,,,,,,,,,,,,,,,,,,,,,,,,,,,,,,,,,,
,,,,,,,,,,,,,,,,,,,,,,,,,,,,,,,,,,,,,,,,,,,,,,,,,,,,
,,,,,,,,,,,,,,,,,,,,,,,,,,,,,,,,,,,,,,,,,,,,,,,,,,,,
,,,,,,,,,,,,,,,,,,,,,,,,,,,,,,,,,,,,,,,,,,,,,,,,,,,,
,,,,,,,,,,,,,,,,,,,,,,,,,,,,,,,,,,,,,,,,,,,,,,,,,,,,
,,,,,,,,,,,,,,,,,,,,,,,,,,,,,,,,,,,,,,,,,,,,,,,,,,,,
,,,,,,,,,,,,,,,,,,,,,,,,,,,,,,,,,,,,,,,,,,,,,,,,,,,,
,,,,,,,,,,,,,,,,,,,,,,,,,,,,,,,,,,,,,,,,,,,,,,,,,,,,
,,,,,,,,,,,,,,,,,,,,,,,,,,,,,,,,,,,,,,,,,,,,,,,,,,,,
,,,,,,,,,,,,,,,,,,,,,,,,,,,,,,,,,,,,,,,,,,,,,,,,,,,,
,,,,,,,,,,,,,,,,,,,,,,,,,,,,,,,,,,,,,,,,,,,,,,,,,,,,
,,,,,,,,,,,,,,,,,,,,,,,,,,,,,,,,,,,,,,,,,,,,,,,,,,,,
,,,,,,,,,,,,,,,,,,,,,,,,,,,,,,,,,,,,,,,,,,,,,,,,,,,,
,,,,,,,,,,,,,,,,,,,,,,,,,,,,,,,,,,,,,,,,,,,,,,,,,,,,
,,,,,,,,,,,,,,,,,,,,,,,,,,,,,,,,,,,,,,,,,,,,,,,,,,,,
,,,,,,,,,,,,,,,,,,,,,,,,,,,,,,,,,,,,,,,,,,,,,,,,,,,,
,,,,,,,,,,,,,,,,,,,,,,,,,,,,,,,,,,,,,,,,,,,,,,,,,,,,
,,,,,,,,,,,,,,,,,,,,,,,,,,,,,,,,,,,,,,,,,,,,,,,,,,,,
,,,,,,,,,,,,,,,,,,,,,,,,,,,,,,,,,,,,,,,,,,,,,,,,,,,,
,,,,,,,,,,,,,,,,,,,,,,,,,,,,,,,,,,,,,,,,,,,,,,,,,,,,
,,,,,,,,,,,,,,,,,,,,,,,,,,,,,,,,,,,,,,,,,,,,,,,,,,,,
,,,,,,,,,,,,,,,,,,,,,,,,,,,,,,,,,,,,,,,,,,,,,,,,,,,,
,,,,,,,,,,,,,,,,,,,,,,,,,,,,,,,,,,,,,,,,,,,,,,,,,,,,
,,,,,,,,,,,,,,,,,,,,,,,,,,,,,,,,,,,,,,,,,,,,,,,,,,,,
,,,,,,,,,,,,,,,,,,,,,,,,,,,,,,,,,,,,,,,,,,,,,,,,,,,,
,,,,,,,,,,,,,,,,,,,,,,,,,,,,,,,,,,,,,,,,,,,,,,,,,,,,
,,,,,,,,,,,,,,,,,,,,,,,,,,,,,,,,,,,,,,,,,,,,,,,,,,,,
,,,,,,,,,,,,,,,,,,,,,,,,,,,,,,,,,,,,,,,,,,,,,,,,,,,,
,,,,,,,,,,,,,,,,,,,,,,,,,,,,,,,,,,,,,,,,,,,,,,,,,,,,
,,,,,,,,,,,,,,,,,,,,,,,,,,,,,,,,,,,,,,,,,,,,,,,,,,,,
,,,,,,,,,,,,,,,,,,,,,,,,,,,,,,,,,,,,,,,,,,,,,,,,,,,,
,,,,,,,,,,,,,,,,,,,,,,,,,,,,,,,,,,,,,,,,,,,,,,,,,,,,
,,,,,,,,,,,,,,,,,,,,,,,,,,,,,,,,,,,,,,,,,,,,,,,,,,,,
,,,,,,,,,,,,,,,,,,,,,,,,,,,,,,,,,,,,,,,,,,,,,,,,,,,,
,,,,,,,,,,,,,,,,,,,,,,,,,,,,,,,,,,,,,,,,,,,,,,,,,,,,
,,,,,,,,,,,,,,,,,,,,,,,,,,,,,,,,,,,,,,,,,,,,,,,,,,,,
,,,,,,,,,,,,,,,,,,,,,,,,,,,,,,,,,,,,,,,,,,,,,,,,,,,,
,,,,,,,,,,,,,,,,,,,,,,,,,,,,,,,,,,,,,,,,,,,,,,,,,,,,
,,,,,,,,,,,,,,,,,,,,,,,,,,,,,,,,,,,,,,,,,,,,,,,,,,,,
,,,,,,,,,,,,,,,,,,,,,,,,,,,,,,,,,,,,,,,,,,,,,,,,,,,,
,,,,,,,,,,,,,,,,,,,,,,,,,,,,,,,,,,,,,,,,,,,,,,,,,,,,
,,,,,,,,,,,,,,,,,,,,,,,,,,,,,,,,,,,,,,,,,,,,,,,,,,,,
,,,,,,,,,,,,,,,,,,,,,,,,,,,,,,,,,,,,,,,,,,,,,,,,,,,,
,,,,,,,,,,,,,,,,,,,,,,,,,,,,,,,,,,,,,,,,,,,,,,,,,,,,
,,,,,,,,,,,,,,,,,,,,,,,,,,,,,,,,,,,,,,,,,,,,,,,,,,,,
,,,,,,,,,,,,,,,,,,,,,,,,,,,,,,,,,,,,,,,,,,,,,,,,,,,,
,,,,,,,,,,,,,,,,,,,,,,,,,,,,,,,,,,,,,,,,,,,,,,,,,,,,
,,,,,,,,,,,,,,,,,,,,,,,,,,,,,,,,,,,,,,,,,,,,,,,,,,,,
,,,,,,,,,,,,,,,,,,,,,,,,,,,,,,,,,,,,,,,,,,,,,,,,,,,,
,,,,,,,,,,,,,,,,,,,,,,,,,,,,,,,,,,,,,,,,,,,,,,,,,,,,
,,,,,,,,,,,,,,,,,,,,,,,,,,,,,,,,,,,,,,,,,,,,,,,,,,,,
,,,,,,,,,,,,,,,,,,,,,,,,,,,,,,,,,,,,,,,,,,,,,,,,,,,,
,,,,,,,,,,,,,,,,,,,,,,,,,,,,,,,,,,,,,,,,,,,,,,,,,,,,
,,,,,,,,,,,,,,,,,,,,,,,,,,,,,,,,,,,,,,,,,,,,,,,,,,,,
,,,,,,,,,,,,,,,,,,,,,,,,,,,,,,,,,,,,,,,,,,,,,,,,,,,,
,,,,,,,,,,,,,,,,,,,,,,,,,,,,,,,,,,,,,,,,,,,,,,,,,,,,
,,,,,,,,,,,,,,,,,,,,,,,,,,,,,,,,,,,,,,,,,,,,,,,,,,,,
,,,,,,,,,,,,,,,,,,,,,,,,,,,,,,,,,,,,,,,,,,,,,,,,,,,,
,,,,,,,,,,,,,,,,,,,,,,,,,,,,,,,,,,,,,,,,,,,,,,,,,,,,
,,,,,,,,,,,,,,,,,,,,,,,,,,,,,,,,,,,,,,,,,,,,,,,,,,,,
,,,,,,,,,,,,,,,,,,,,,,,,,,,,,,,,,,,,,,,,,,,,,,,,,,,,
,,,,,,,,,,,,,,,,,,,,,,,,,,,,,,,,,,,,,,,,,,,,,,,,,,,,
,,,,,,,,,,,,,,,,,,,,,,,,,,,,,,,,,,,,,,,,,,,,,,,,,,,,
,,,,,,,,,,,,,,,,,,,,,,,,,,,,,,,,,,,,,,,,,,,,,,,,,,,,
,,,,,,,,,,,,,,,,,,,,,,,,,,,,,,,,,,,,,,,,,,,,,,,,,,,,
,,,,,,,,,,,,,,,,,,,,,,,,,,,,,,,,,,,,,,,,,,,,,,,,,,,,
,,,,,,,,,,,,,,,,,,,,,,,,,,,,,,,,,,,,,,,,,,,,,,,,,,,,
,,,,,,,,,,,,,,,,,,,,,,,,,,,,,,,,,,,,,,,,,,,,,,,,,,,,
,,,,,,,,,,,,,,,,,,,,,,,,,,,,,,,,,,,,,,,,,,,,,,,,,,,,
,,,,,,,,,,,,,,,,,,,,,,,,,,,,,,,,,,,,,,,,,,,,,,,,,,,,
,,,,,,,,,,,,,,,,,,,,,,,,,,,,,,,,,,,,,,,,,,,,,,,,,,,,
,,,,,,,,,,,,,,,,,,,,,,,,,,,,,,,,,,,,,,,,,,,,,,,,,,,,
,,,,,,,,,,,,,,,,,,,,,,,,,,,,,,,,,,,,,,,,,,,,,,,,,,,,
,,,,,,,,,,,,,,,,,,,,,,,,,,,,,,,,,,,,,,,,,,,,,,,,,,,,
,,,,,,,,,,,,,,,,,,,,,,,,,,,,,,,,,,,,,,,,,,,,,,,,,,,,
,,,,,,,,,,,,,,,,,,,,,,,,,,,,,,,,,,,,,,,,,,,,,,,,,,,,
,,,,,,,,,,,,,,,,,,,,,,,,,,,,,,,,,,,,,,,,,,,,,,,,,,,,
,,,,,,,,,,,,,,,,,,,,,,,,,,,,,,,,,,,,,,,,,,,,,,,,,,,,
,,,,,,,,,,,,,,,,,,,,,,,,,,,,,,,,,,,,,,,,,,,,,,,,,,,,
,,,,,,,,,,,,,,,,,,,,,,,,,,,,,,,,,,,,,,,,,,,,,,,,,,,,
,,,,,,,,,,,,,,,,,,,,,,,,,,,,,,,,,,,,,,,,,,,,,,,,,,,,
,,,,,,,,,,,,,,,,,,,,,,,,,,,,,,,,,,,,,,,,,,,,,,,,,,,,
,,,,,,,,,,,,,,,,,,,,,,,,,,,,,,,,,,,,,,,,,,,,,,,,,,,,
,,,,,,,,,,,,,,,,,,,,,,,,,,,,,,,,,,,,,,,,,,,,,,,,,,,,
,,,,,,,,,,,,,,,,,,,,,,,,,,,,,,,,,,,,,,,,,,,,,,,,,,,,
,,,,,,,,,,,,,,,,,,,,,,,,,,,,,,,,,,,,,,,,,,,,,,,,,,,,
,,,,,,,,,,,,,,,,,,,,,,,,,,,,,,,,,,,,,,,,,,,,,,,,,,,,
,,,,,,,,,,,,,,,,,,,,,,,,,,,,,,,,,,,,,,,,,,,,,,,,,,,,
,,,,,,,,,,,,,,,,,,,,,,,,,,,,,,,,,,,,,,,,,,,,,,,,,,,,
,,,,,,,,,,,,,,,,,,,,,,,,,,,,,,,,,,,,,,,,,,,,,,,,,,,,
,,,,,,,,,,,,,,,,,,,,,,,,,,,,,,,,,,,,,,,,,,,,,,,,,,,,
,,,,,,,,,,,,,,,,,,,,,,,,,,,,,,,,,,,,,,,,,,,,,,,,,,,,
,,,,,,,,,,,,,,,,,,,,,,,,,,,,,,,,,,,,,,,,,,,,,,,,,,,,
,,,,,,,,,,,,,,,,,,,,,,,,,,,,,,,,,,,,,,,,,,,,,,,,,,,,
,,,,,,,,,,,,,,,,,,,,,,,,,,,,,,,,,,,,,,,,,,,,,,,,,,,,
,,,,,,,,,,,,,,,,,,,,,,,,,,,,,,,,,,,,,,,,,,,,,,,,,,,,
,,,,,,,,,,,,,,,,,,,,,,,,,,,,,,,,,,,,,,,,,,,,,,,,,,,,
,,,,,,,,,,,,,,,,,,,,,,,,,,,,,,,,,,,,,,,,,,,,,,,,,,,,
,,,,,,,,,,,,,,,,,,,,,,,,,,,,,,,,,,,,,,,,,,,,,,,,,,,,
,,,,,,,,,,,,,,,,,,,,,,,,,,,,,,,,,,,,,,,,,,,,,,,,,,,,
,,,,,,,,,,,,,,,,,,,,,,,,,,,,,,,,,,,,,,,,,,,,,,,,,,,,
,,,,,,,,,,,,,,,,,,,,,,,,,,,,,,,,,,,,,,,,,,,,,,,,,,,,
,,,,,,,,,,,,,,,,,,,,,,,,,,,,,,,,,,,,,,,,,,,,,,,,,,,,
,,,,,,,,,,,,,,,,,,,,,,,,,,,,,,,,,,,,,,,,,,,,,,,,,,,,
,,,,,,,,,,,,,,,,,,,,,,,,,,,,,,,,,,,,,,,,,,,,,,,,,,,,
,,,,,,,,,,,,,,,,,,,,,,,,,,,,,,,,,,,,,,,,,,,,,,,,,,,,
,,,,,,,,,,,,,,,,,,,,,,,,,,,,,,,,,,,,,,,,,,,,,,,,,,,,
,,,,,,,,,,,,,,,,,,,,,,,,,,,,,,,,,,,,,,,,,,,,,,,,,,,,
,,,,,,,,,,,,,,,,,,,,,,,,,,,,,,,,,,,,,,,,,,,,,,,,,,,,
,,,,,,,,,,,,,,,,,,,,,,,,,,,,,,,,,,,,,,,,,,,,,,,,,,,,
,,,,,,,,,,,,,,,,,,,,,,,,,,,,,,,,,,,,,,,,,,,,,,,,,,,,
,,,,,,,,,,,,,,,,,,,,,,,,,,,,,,,,,,,,,,,,,,,,,,,,,,,,
,,,,,,,,,,,,,,,,,,,,,,,,,,,,,,,,,,,,,,,,,,,,,,,,,,,,
,,,,,,,,,,,,,,,,,,,,,,,,,,,,,,,,,,,,,,,,,,,,,,,,,,,,
,,,,,,,,,,,,,,,,,,,,,,,,,,,,,,,,,,,,,,,,,,,,,,,,,,,,
,,,,,,,,,,,,,,,,,,,,,,,,,,,,,,,,,,,,,,,,,,,,,,,,,,,,
,,,,,,,,,,,,,,,,,,,,,,,,,,,,,,,,,,,,,,,,,,,,,,,,,,,,
,,,,,,,,,,,,,,,,,,,,,,,,,,,,,,,,,,,,,,,,,,,,,,,,,,,,
,,,,,,,,,,,,,,,,,,,,,,,,,,,,,,,,,,,,,,,,,,,,,,,,,,,,
,,,,,,,,,,,,,,,,,,,,,,,,,,,,,,,,,,,,,,,,,,,,,,,,,,,,
,,,,,,,,,,,,,,,,,,,,,,,,,,,,,,,,,,,,,,,,,,,,,,,,,,,,
,,,,,,,,,,,,,,,,,,,,,,,,,,,,,,,,,,,,,,,,,,,,,,,,,,,,
,,,,,,,,,,,,,,,,,,,,,,,,,,,,,,,,,,,,,,,,,,,,,,,,,,,,
,,,,,,,,,,,,,,,,,,,,,,,,,,,,,,,,,,,,,,,,,,,,,,,,,,,,
,,,,,,,,,,,,,,,,,,,,,,,,,,,,,,,,,,,,,,,,,,,,,,,,,,,,
,,,,,,,,,,,,,,,,,,,,,,,,,,,,,,,,,,,,,,,,,,,,,,,,,,,,
,,,,,,,,,,,,,,,,,,,,,,,,,,,,,,,,,,,,,,,,,,,,,,,,,,,,
,,,,,,,,,,,,,,,,,,,,,,,,,,,,,,,,,,,,,,,,,,,,,,,,,,,,
,,,,,,,,,,,,,,,,,,,,,,,,,,,,,,,,,,,,,,,,,,,,,,,,,,,,
,,,,,,,,,,,,,,,,,,,,,,,,,,,,,,,,,,,,,,,,,,,,,,,,,,,,
,,,,,,,,,,,,,,,,,,,,,,,,,,,,,,,,,,,,,,,,,,,,,,,,,,,,
,,,,,,,,,,,,,,,,,,,,,,,,,,,,,,,,,,,,,,,,,,,,,,,,,,,,
,,,,,,,,,,,,,,,,,,,,,,,,,,,,,,,,,,,,,,,,,,,,,,,,,,,,
,,,,,,,,,,,,,,,,,,,,,,,,,,,,,,,,,,,,,,,,,,,,,,,,,,,,
,,,,,,,,,,,,,,,,,,,,,,,,,,,,,,,,,,,,,,,,,,,,,,,,,,,,
,,,,,,,,,,,,,,,,,,,,,,,,,,,,,,,,,,,,,,,,,,,,,,,,,,,,
,,,,,,,,,,,,,,,,,,,,,,,,,,,,,,,,,,,,,,,,,,,,,,,,,,,,
,,,,,,,,,,,,,,,,,,,,,,,,,,,,,,,,,,,,,,,,,,,,,,,,,,,,
,,,,,,,,,,,,,,,,,,,,,,,,,,,,,,,,,,,,,,,,,,,,,,,,,,,,
,,,,,,,,,,,,,,,,,,,,,,,,,,,,,,,,,,,,,,,,,,,,,,,,,,,,
,,,,,,,,,,,,,,,,,,,,,,,,,,,,,,,,,,,,,,,,,,,,,,,,,,,,
,,,,,,,,,,,,,,,,,,,,,,,,,,,,,,,,,,,,,,,,,,,,,,,,,,,,
,,,,,,,,,,,,,,,,,,,,,,,,,,,,,,,,,,,,,,,,,,,,,,,,,,,,
,,,,,,,,,,,,,,,,,,,,,,,,,,,,,,,,,,,,,,,,,,,,,,,,,,,,
,,,,,,,,,,,,,,,,,,,,,,,,,,,,,,,,,,,,,,,,,,,,,,,,,,,,
,,,,,,,,,,,,,,,,,,,,,,,,,,,,,,,,,,,,,,,,,,,,,,,,,,,,
,,,,,,,,,,,,,,,,,,,,,,,,,,,,,,,,,,,,,,,,,,,,,,,,,,,,
,,,,,,,,,,,,,,,,,,,,,,,,,,,,,,,,,,,,,,,,,,,,,,,,,,,,
,,,,,,,,,,,,,,,,,,,,,,,,,,,,,,,,,,,,,,,,,,,,,,,,,,,,
,,,,,,,,,,,,,,,,,,,,,,,,,,,,,,,,,,,,,,,,,,,,,,,,,,,,
,,,,,,,,,,,,,,,,,,,,,,,,,,,,,,,,,,,,,,,,,,,,,,,,,,,,
,,,,,,,,,,,,,,,,,,,,,,,,,,,,,,,,,,,,,,,,,,,,,,,,,,,,
,,,,,,,,,,,,,,,,,,,,,,,,,,,,,,,,,,,,,,,,,,,,,,,,,,,,
,,,,,,,,,,,,,,,,,,,,,,,,,,,,,,,,,,,,,,,,,,,,,,,,,,,,
,,,,,,,,,,,,,,,,,,,,,,,,,,,,,,,,,,,,,,,,,,,,,,,,,,,,
,,,,,,,,,,,,,,,,,,,,,,,,,,,,,,,,,,,,,,,,,,,,,,,,,,,,
,,,,,,,,,,,,,,,,,,,,,,,,,,,,,,,,,,,,,,,,,,,,,,,,,,,,
,,,,,,,,,,,,,,,,,,,,,,,,,,,,,,,,,,,,,,,,,,,,,,,,,,,,
,,,,,,,,,,,,,,,,,,,,,,,,,,,,,,,,,,,,,,,,,,,,,,,,,,,,
,,,,,,,,,,,,,,,,,,,,,,,,,,,,,,,,,,,,,,,,,,,,,,,,,,,,
,,,,,,,,,,,,,,,,,,,,,,,,,,,,,,,,,,,,,,,,,,,,,,,,,,,,
,,,,,,,,,,,,,,,,,,,,,,,,,,,,,,,,,,,,,,,,,,,,,,,,,,,,
,,,,,,,,,,,,,,,,,,,,,,,,,,,,,,,,,,,,,,,,,,,,,,,,,,,,
,,,,,,,,,,,,,,,,,,,,,,,,,,,,,,,,,,,,,,,,,,,,,,,,,,,,
,,,,,,,,,,,,,,,,,,,,,,,,,,,,,,,,,,,,,,,,,,,,,,,,,,,,
,,,,,,,,,,,,,,,,,,,,,,,,,,,,,,,,,,,,,,,,,,,,,,,,,,,,
,,,,,,,,,,,,,,,,,,,,,,,,,,,,,,,,,,,,,,,,,,,,,,,,,,,,
,,,,,,,,,,,,,,,,,,,,,,,,,,,,,,,,,,,,,,,,,,,,,,,,,,,,
,,,,,,,,,,,,,,,,,,,,,,,,,,,,,,,,,,,,,,,,,,,,,,,,,,,,
,,,,,,,,,,,,,,,,,,,,,,,,,,,,,,,,,,,,,,,,,,,,,,,,,,,,
,,,,,,,,,,,,,,,,,,,,,,,,,,,,,,,,,,,,,,,,,,,,,,,,,,,,
,,,,,,,,,,,,,,,,,,,,,,,,,,,,,,,,,,,,,,,,,,,,,,,,,,,,
,,,,,,,,,,,,,,,,,,,,,,,,,,,,,,,,,,,,,,,,,,,,,,,,,,,,
,,,,,,,,,,,,,,,,,,,,,,,,,,,,,,,,,,,,,,,,,,,,,,,,,,,,
,,,,,,,,,,,,,,,,,,,,,,,,,,,,,,,,,,,,,,,,,,,,,,,,,,,,
,,,,,,,,,,,,,,,,,,,,,,,,,,,,,,,,,,,,,,,,,,,,,,,,,,,,
,,,,,,,,,,,,,,,,,,,,,,,,,,,,,,,,,,,,,,,,,,,,,,,,,,,,
,,,,,,,,,,,,,,,,,,,,,,,,,,,,,,,,,,,,,,,,,,,,,,,,,,,,
,,,,,,,,,,,,,,,,,,,,,,,,,,,,,,,,,,,,,,,,,,,,,,,,,,,,
,,,,,,,,,,,,,,,,,,,,,,,,,,,,,,,,,,,,,,,,,,,,,,,,,,,,
,,,,,,,,,,,,,,,,,,,,,,,,,,,,,,,,,,,,,,,,,,,,,,,,,,,,
,,,,,,,,,,,,,,,,,,,,,,,,,,,,,,,,,,,,,,,,,,,,,,,,,,,,
,,,,,,,,,,,,,,,,,,,,,,,,,,,,,,,,,,,,,,,,,,,,,,,,,,,,
,,,,,,,,,,,,,,,,,,,,,,,,,,,,,,,,,,,,,,,,,,,,,,,,,,,,
,,,,,,,,,,,,,,,,,,,,,,,,,,,,,,,,,,,,,,,,,,,,,,,,,,,,
,,,,,,,,,,,,,,,,,,,,,,,,,,,,,,,,,,,,,,,,,,,,,,,,,,,,
,,,,,,,,,,,,,,,,,,,,,,,,,,,,,,,,,,,,,,,,,,,,,,,,,,,,
,,,,,,,,,,,,,,,,,,,,,,,,,,,,,,,,,,,,,,,,,,,,,,,,,,,,
,,,,,,,,,,,,,,,,,,,,,,,,,,,,,,,,,,,,,,,,,,,,,,,,,,,,
,,,,,,,,,,,,,,,,,,,,,,,,,,,,,,,,,,,,,,,,,,,,,,,,,,,,
,,,,,,,,,,,,,,,,,,,,,,,,,,,,,,,,,,,,,,,,,,,,,,,,,,,,
,,,,,,,,,,,,,,,,,,,,,,,,,,,,,,,,,,,,,,,,,,,,,,,,,,,,
,,,,,,,,,,,,,,,,,,,,,,,,,,,,,,,,,,,,,,,,,,,,,,,,,,,,
,,,,,,,,,,,,,,,,,,,,,,,,,,,,,,,,,,,,,,,,,,,,,,,,,,,,
,,,,,,,,,,,,,,,,,,,,,,,,,,,,,,,,,,,,,,,,,,,,,,,,,,,,
,,,,,,,,,,,,,,,,,,,,,,,,,,,,,,,,,,,,,,,,,,,,,,,,,,,,
,,,,,,,,,,,,,,,,,,,,,,,,,,,,,,,,,,,,,,,,,,,,,,,,,,,,
,,,,,,,,,,,,,,,,,,,,,,,,,,,,,,,,,,,,,,,,,,,,,,,,,,,,
,,,,,,,,,,,,,,,,,,,,,,,,,,,,,,,,,,,,,,,,,,,,,,,,,,,,
,,,,,,,,,,,,,,,,,,,,,,,,,,,,,,,,,,,,,,,,,,,,,,,,,,,,
,,,,,,,,,,,,,,,,,,,,,,,,,,,,,,,,,,,,,,,,,,,,,,,,,,,,
,,,,,,,,,,,,,,,,,,,,,,,,,,,,,,,,,,,,,,,,,,,,,,,,,,,,
,,,,,,,,,,,,,,,,,,,,,,,,,,,,,,,,,,,,,,,,,,,,,,,,,,,,
,,,,,,,,,,,,,,,,,,,,,,,,,,,,,,,,,,,,,,,,,,,,,,,,,,,,
,,,,,,,,,,,,,,,,,,,,,,,,,,,,,,,,,,,,,,,,,,,,,,,,,,,,
,,,,,,,,,,,,,,,,,,,,,,,,,,,,,,,,,,,,,,,,,,,,,,,,,,,,
,,,,,,,,,,,,,,,,,,,,,,,,,,,,,,,,,,,,,,,,,,,,,,,,,,,,
,,,,,,,,,,,,,,,,,,,,,,,,,,,,,,,,,,,,,,,,,,,,,,,,,,,,
,,,,,,,,,,,,,,,,,,,,,,,,,,,,,,,,,,,,,,,,,,,,,,,,,,,,
,,,,,,,,,,,,,,,,,,,,,,,,,,,,,,,,,,,,,,,,,,,,,,,,,,,,
,,,,,,,,,,,,,,,,,,,,,,,,,,,,,,,,,,,,,,,,,,,,,,,,,,,,
,,,,,,,,,,,,,,,,,,,,,,,,,,,,,,,,,,,,,,,,,,,,,,,,,,,,
,,,,,,,,,,,,,,,,,,,,,,,,,,,,,,,,,,,,,,,,,,,,,,,,,,,,
,,,,,,,,,,,,,,,,,,,,,,,,,,,,,,,,,,,,,,,,,,,,,,,,,,,,
,,,,,,,,,,,,,,,,,,,,,,,,,,,,,,,,,,,,,,,,,,,,,,,,,,,,
,,,,,,,,,,,,,,,,,,,,,,,,,,,,,,,,,,,,,,,,,,,,,,,,,,,,
,,,,,,,,,,,,,,,,,,,,,,,,,,,,,,,,,,,,,,,,,,,,,,,,,,,,
,,,,,,,,,,,,,,,,,,,,,,,,,,,,,,,,,,,,,,,,,,,,,,,,,,,,
,,,,,,,,,,,,,,,,,,,,,,,,,,,,,,,,,,,,,,,,,,,,,,,,,,,,
,,,,,,,,,,,,,,,,,,,,,,,,,,,,,,,,,,,,,,,,,,,,,,,,,,,,
,,,,,,,,,,,,,,,,,,,,,,,,,,,,,,,,,,,,,,,,,,,,,,,,,,,,
,,,,,,,,,,,,,,,,,,,,,,,,,,,,,,,,,,,,,,,,,,,,,,,,,,,,
,,,,,,,,,,,,,,,,,,,,,,,,,,,,,,,,,,,,,,,,,,,,,,,,,,,,
,,,,,,,,,,,,,,,,,,,,,,,,,,,,,,,,,,,,,,,,,,,,,,,,,,,,
